activity_key,school_section,cca_generic_name,cca_grouping_desc,cca_customized_name,school_id
1,PRIMARY,MODULAR CCA (SPORTS),PHYSICAL SPORTS,SPORTS CLUB,0
2,PRIMARY,ART AND CRAFTS,VISUAL AND PERFORMING ARTS,VISUAL ARTS CLUB,0
3,PRIMARY,"ENGLISH LANGUAGE, DRAMA AND DEBATING",CLUBS AND SOCIETIES,ENGLISH LANGUAGE AND DRAMA,0
4,PRIMARY,INFOCOMM TECHNOLOGY (COMPUTING),CLUBS AND SOCIETIES,INFOCOMM TECHNOLOGY,0
5,PRIMARY,DESIGN AND INNOVATION,CLUBS AND SOCIETIES,na,0
6,PRIMARY,ENVIRONMENTAL SCIENCE,CLUBS AND SOCIETIES,na,0
7,PRIMARY,FOOTBALL,PHYSICAL SPORTS,FOOTBALL,0
8,PRIMARY,TRACK AND FIELD,PHYSICAL SPORTS,na,0
9,PRIMARY,WUSHU,PHYSICAL SPORTS,na,0
10,PRIMARY,ROPE SKIPPING,PHYSICAL SPORTS,na,0
11,PRIMARY,SCOUTS,UNIFORMED GROUPS,na,0
12,PRIMARY,GIRL GUIDES (BROWNIES),UNIFORMED GROUPS,BROWNIES,0
13,PRIMARY,CHOIR,VISUAL AND PERFORMING ARTS,na,0
14,PRIMARY,GUITAR ENSEMBLE,VISUAL AND PERFORMING ARTS,na,0
15,PRIMARY,CHINESE DANCE,VISUAL AND PERFORMING ARTS,na,0
16,PRIMARY,INDIAN DANCE,VISUAL AND PERFORMING ARTS,na,0
17,PRIMARY,MALAY DANCE,VISUAL AND PERFORMING ARTS,na,0
18,PRIMARY,PHOTOGRAPHY,VISUAL AND PERFORMING ARTS,PHOTOGRAPHY CLUB,0
19,SECONDARY,BADMINTON,PHYSICAL SPORTS,BADMINTON,1
20,SECONDARY,NETBALL,PHYSICAL SPORTS,NETBALL,1
21,SECONDARY,RUGBY,PHYSICAL SPORTS,RUGBY,1
22,SECONDARY,TRACK AND FIELD,PHYSICAL SPORTS,TRACK AND FIELD,1
23,SECONDARY,WUSHU,PHYSICAL SPORTS,WUSHU,1
24,SECONDARY,NATIONAL POLICE CADET CORPS,UNIFORMED GROUPS,NPCC,1
25,SECONDARY,NATIONAL CADET CORPS (LAND),UNIFORMED GROUPS,NCC BOYS (LAND),1
26,SECONDARY,NATIONAL CIVIL DEFENCE CADET CORPS,UNIFORMED GROUPS,NCDCC,1
27,SECONDARY,MODERN DANCE,VISUAL AND PERFORMING ARTS,MODERN DANCE CLUB,1
28,SECONDARY,ENGLISH DRAMA,VISUAL AND PERFORMING ARTS,ENGLISH DRAMA CLUB,1
29,SECONDARY,CONCERT BAND,VISUAL AND PERFORMING ARTS,CONCERT BAND,1
30,SECONDARY,ART AND CRAFTS,VISUAL AND PERFORMING ARTS,ART & ENVIRONMENT CLUB,1
31,SECONDARY,ROBOTICS,CLUBS AND SOCIETIES,ROBOTICS CLUB,1
32,SECONDARY,DIGITAL MEDIA,VISUAL AND PERFORMING ARTS,LIGHTHOUSE PRODUCTIONS,1
33,SECONDARY,GUZHENG ENSEMBLE,VISUAL AND PERFORMING ARTS,GUZHENG ENSEMBLE,1
34,SECONDARY,MODERN DANCE,VISUAL AND PERFORMING ARTS,na,11
35,SECONDARY,ENVIRONMENTAL SCIENCE,CLUBS AND SOCIETIES,Environmental Club,11
36,SECONDARY,BADMINTON,PHYSICAL SPORTS,na,11
37,SECONDARY,BASKETBALL,PHYSICAL SPORTS,na,11
38,SECONDARY,NETBALL,PHYSICAL SPORTS,na,11
39,SECONDARY,FOOTBALL,PHYSICAL SPORTS,na,11
40,SECONDARY,TABLE TENNIS,PHYSICAL SPORTS,na,11
41,SECONDARY,VOLLEYBALL,PHYSICAL SPORTS,na,11
42,SECONDARY,BOYS' BRIGADE,UNIFORMED GROUPS,na,11
43,SECONDARY,GIRL GUIDES,UNIFORMED GROUPS,na,11
44,SECONDARY,NATIONAL POLICE CADET CORPS,UNIFORMED GROUPS,na,11
45,SECONDARY,RED CROSS YOUTH,UNIFORMED GROUPS,na,11
46,SECONDARY,NATIONAL CADET CORPS (AIR),UNIFORMED GROUPS,na,11
47,SECONDARY,CHOIR,VISUAL AND PERFORMING ARTS,na,11
48,SECONDARY,MALAY DANCE,VISUAL AND PERFORMING ARTS,MALAY DANCE,11
49,SECONDARY,ENGLISH DRAMA,VISUAL AND PERFORMING ARTS,Drama Club,11
50,SECONDARY,CONCERT BAND,VISUAL AND PERFORMING ARTS,Symphonic Band,11
51,SECONDARY,ART AND CRAFTS,VISUAL AND PERFORMING ARTS,ART CLUB,11
52,SECONDARY,AUDIO VISUAL AID,CLUBS AND SOCIETIES,AV MEDIA CLUB,11
53,SECONDARY,MEDIA RESOURCE CLUB,CLUBS AND SOCIETIES,MERIT (MEDIA RESOURCE & IT) CLUB,21
54,SECONDARY,MODERN DANCE,VISUAL AND PERFORMING ARTS,DANCE-MODERN,21
55,SECONDARY,ENTREPRENEURSHIP,CLUBS AND SOCIETIES,na,21
56,SECONDARY,COMMUNITY SERVICE,CLUBS AND SOCIETIES,SERVICE LEARNING CLUB,21
57,SECONDARY,GUZHENG ENSEMBLE,VISUAL AND PERFORMING ARTS,ENSEMBLE-GUZHENG,21
58,SECONDARY,BASKETBALL,PHYSICAL SPORTS,na,21
59,SECONDARY,NETBALL,PHYSICAL SPORTS,na,21
60,SECONDARY,SEPAKTAKRAW,PHYSICAL SPORTS,na,21
61,SECONDARY,FOOTBALL,PHYSICAL SPORTS,na,21
62,SECONDARY,VOLLEYBALL,PHYSICAL SPORTS,na,21
63,SECONDARY,NATIONAL POLICE CADET CORPS,UNIFORMED GROUPS,na,21
64,SECONDARY,RED CROSS YOUTH,UNIFORMED GROUPS,RED CROSS YOUTH,21
65,SECONDARY,NATIONAL CADET CORPS (AIR),UNIFORMED GROUPS,na,21
66,SECONDARY,NATIONAL CADET CORPS (LAND),UNIFORMED GROUPS,na,21
67,SECONDARY,CHOIR,VISUAL AND PERFORMING ARTS,na,21
68,SECONDARY,BAND - MILITARY,VISUAL AND PERFORMING ARTS,BAND-CONCERT,21
69,SECONDARY,INNOVATION AND ENTERPRISE CLUB,CLUBS AND SOCIETIES,CURIOSTE,21
70,SECONDARY,BADMINTON,PHYSICAL SPORTS,BADMINTON,23
71,SECONDARY,CANOEING,PHYSICAL SPORTS,CANOEING,23
72,SECONDARY,FOOTBALL,PHYSICAL SPORTS,na,23
73,SECONDARY,WUSHU,PHYSICAL SPORTS,na,23
74,SECONDARY,VOLLEYBALL,PHYSICAL SPORTS,na,23
75,SECONDARY,BOYS' BRIGADE,UNIFORMED GROUPS,na,23
76,SECONDARY,GIRL GUIDES,UNIFORMED GROUPS,na,23
77,SECONDARY,NATIONAL POLICE CADET CORPS,UNIFORMED GROUPS,NATIONAL POLICE CADET CORPS,23
78,SECONDARY,SCOUTS,UNIFORMED GROUPS,na,23
79,SECONDARY,NATIONAL CADET CORPS (LAND),UNIFORMED GROUPS,NATIONAL CADET CORPS (LAND),23
80,SECONDARY,NATIONAL CIVIL DEFENCE CADET CORPS,UNIFORMED GROUPS,na,23
81,SECONDARY,CHINESE ORCHESTRA,VISUAL AND PERFORMING ARTS,CHINESE ORCHESTRA,23
82,SECONDARY,CHOIR,VISUAL AND PERFORMING ARTS,na,23
83,SECONDARY,MALAY DANCE,VISUAL AND PERFORMING ARTS,MALAY DANCE,23
84,SECONDARY,ENGLISH DRAMA,VISUAL AND PERFORMING ARTS,DRAMA CLUB,23
85,SECONDARY,BADMINTON,PHYSICAL SPORTS,na,25
86,SECONDARY,BASKETBALL,PHYSICAL SPORTS,na,25
87,SECONDARY,FOOTBALL,PHYSICAL SPORTS,na,25
88,SECONDARY,SOFTBALL,PHYSICAL SPORTS,na,25
89,SECONDARY,WUSHU,PHYSICAL SPORTS,na,25
90,SECONDARY,NATIONAL POLICE CADET CORPS,UNIFORMED GROUPS,na,25
91,SECONDARY,ST JOHN BRIGADE,UNIFORMED GROUPS,na,25
92,SECONDARY,NATIONAL CADET CORPS (LAND),UNIFORMED GROUPS,na,25
93,SECONDARY,CHOIR,VISUAL AND PERFORMING ARTS,na,25
94,SECONDARY,MODERN DANCE,VISUAL AND PERFORMING ARTS,DANCE,25
95,SECONDARY,ENGLISH DRAMA,VISUAL AND PERFORMING ARTS,DRAMA,25
96,SECONDARY,CONCERT BAND,VISUAL AND PERFORMING ARTS,CONCERT BAND,25
97,SECONDARY,ART AND CRAFTS,VISUAL AND PERFORMING ARTS,ART & CRAFT,25
98,SECONDARY,SINGAPORE YOUTH FLYING CLUB,CLUBS AND SOCIETIES,YOUTH FLYING CLUB,25
99,SECONDARY,ENVIRONMENTAL SCIENCE,CLUBS AND SOCIETIES,ENVIRONMENT CLUB,25
100,SECONDARY,OUTDOOR ADVENTURE,PHYSICAL SPORTS,OUTDOOR ADVENTURE CLUB,25
101,SECONDARY,CULTURAL DANCE,VISUAL AND PERFORMING ARTS,ETHNIC DANCE,25
102,SECONDARY,AUDIO VISUAL AID,CLUBS AND SOCIETIES,INFOCOMM CLUB,25
103,SECONDARY,NATIONAL CADET CORPS (LAND),UNIFORMED GROUPS,na,29
104,SECONDARY,BADMINTON,PHYSICAL SPORTS,na,29
105,SECONDARY,CROSS COUNTRY,PHYSICAL SPORTS,na,29
106,SECONDARY,SEPAKTAKRAW,PHYSICAL SPORTS,na,29
107,SECONDARY,FOOTBALL,PHYSICAL SPORTS,na,29
108,SECONDARY,TAEKWONDO,PHYSICAL SPORTS,na,29
109,SECONDARY,TCHOUKBALL,PHYSICAL SPORTS,na,29
110,SECONDARY,GIRL GUIDES,UNIFORMED GROUPS,na,29
111,SECONDARY,NATIONAL POLICE CADET CORPS,UNIFORMED GROUPS,na,29
112,SECONDARY,RED CROSS YOUTH,UNIFORMED GROUPS,SINGAPORE RED CROSS YOUTH,29
113,SECONDARY,CHOIR,VISUAL AND PERFORMING ARTS,na,29
114,SECONDARY,ENGLISH DRAMA,VISUAL AND PERFORMING ARTS,na,29
115,SECONDARY,TAMIL DRAMA,VISUAL AND PERFORMING ARTS,na,29
116,SECONDARY,INFOCOMM TECHNOLOGY (MEDIA PRODUCTION),CLUBS AND SOCIETIES,na,29
117,PRIMARY,BADMINTON,PHYSICAL SPORTS,na,30
118,PRIMARY,BASKETBALL,PHYSICAL SPORTS,na,30
119,PRIMARY,FOOTBALL,PHYSICAL SPORTS,na,30
120,PRIMARY,RED CROSS YOUTH,UNIFORMED GROUPS,na,30
121,PRIMARY,SCOUTS,UNIFORMED GROUPS,na,30
122,PRIMARY,ART AND CRAFTS,VISUAL AND PERFORMING ARTS,ART AND DESIGN CLUB,30
123,PRIMARY,MODERN DANCE,VISUAL AND PERFORMING ARTS,na,30
124,PRIMARY,INFOCOMM TECHNOLOGY (MEDIA PRODUCTION),CLUBS AND SOCIETIES,MEDIA KIDS,30
125,PRIMARY,PHYSICAL SCIENCE,CLUBS AND SOCIETIES,STEM CLUB,30
126,SECONDARY,NETBALL,PHYSICAL SPORTS,NETBALL,32
127,SECONDARY,BADMINTON,PHYSICAL SPORTS,BADMINTON,32
128,SECONDARY,BASKETBALL,PHYSICAL SPORTS,BASKETBALL,32
129,SECONDARY,BOYS' BRIGADE,UNIFORMED GROUPS,BOYS' BRIGADE,32
130,SECONDARY,NATIONAL POLICE CADET CORPS,UNIFORMED GROUPS,NATIONAL POLICE CADET CORPS,32
131,SECONDARY,ST JOHN BRIGADE,UNIFORMED GROUPS,ST JOHN BRIGADE,32
132,SECONDARY,NATIONAL CADET CORPS (LAND),UNIFORMED GROUPS,NATIONAL CADET CORPS (LAND),32
133,SECONDARY,NATIONAL CIVIL DEFENCE CADET CORPS,UNIFORMED GROUPS,NATIONAL CIVIL DEFENCE CADET CORPS,32
134,SECONDARY,CHINESE ORCHESTRA,VISUAL AND PERFORMING ARTS,CHINESE ORCHESTRA,32
135,SECONDARY,CHOIR,VISUAL AND PERFORMING ARTS,CHOIR,32
136,SECONDARY,MODERN DANCE,VISUAL AND PERFORMING ARTS,CONTEMPORARY DANCE,32
137,SECONDARY,MALAY DANCE,VISUAL AND PERFORMING ARTS,MALAY DANCE,32
138,SECONDARY,ENGLISH DRAMA,VISUAL AND PERFORMING ARTS,MUSICAL THEATRE,32
139,SECONDARY,CONCERT BAND,VISUAL AND PERFORMING ARTS,CONCERT BAND,32
140,SECONDARY,AUDIO VISUAL AID,CLUBS AND SOCIETIES,AUDIO VISUAL AID,32
141,SECONDARY,INFOCOMM TECHNOLOGY (COMPUTING),CLUBS AND SOCIETIES,CYBERACE,32
142,SECONDARY,SHOOTING,PHYSICAL SPORTS,na,34
143,SECONDARY,BASKETBALL,PHYSICAL SPORTS,na,34
144,SECONDARY,TAEKWONDO,PHYSICAL SPORTS,na,34
145,SECONDARY,GIRL GUIDES,UNIFORMED GROUPS,na,34
146,SECONDARY,NATIONAL POLICE CADET CORPS,UNIFORMED GROUPS,na,34
147,SECONDARY,RED CROSS YOUTH,UNIFORMED GROUPS,na,34
148,SECONDARY,NATIONAL CADET CORPS (LAND),UNIFORMED GROUPS,na,34
149,SECONDARY,CHOIR,VISUAL AND PERFORMING ARTS,SHOW CHOIR,34
150,SECONDARY,MODERN DANCE,VISUAL AND PERFORMING ARTS,na,34
151,SECONDARY,ENGLISH DRAMA,VISUAL AND PERFORMING ARTS,na,34
152,SECONDARY,CONCERT BAND,VISUAL AND PERFORMING ARTS,na,34
153,SECONDARY,ROBOTICS,CLUBS AND SOCIETIES,na,34
154,SECONDARY,SHOOTING,PHYSICAL SPORTS,AIR RIFLE,35
155,SECONDARY,BADMINTON,PHYSICAL SPORTS,BADMINTON,35
156,SECONDARY,BASKETBALL,PHYSICAL SPORTS,BASKETBALL (BOYS),35
157,SECONDARY,CROSS COUNTRY,PHYSICAL SPORTS,CROSS COUNTRY,35
158,SECONDARY,RUGBY,PHYSICAL SPORTS,RUGBY (BOYS),35
159,SECONDARY,SOFTBALL,PHYSICAL SPORTS,SOFTBALL (GIRLS),35
160,SECONDARY,BOYS' BRIGADE,UNIFORMED GROUPS,BOYS' BRIGADE,35
161,SECONDARY,GIRLS' BRIGADE,UNIFORMED GROUPS,GIRLS' BRIGADE,35
162,SECONDARY,NATIONAL POLICE CADET CORPS,UNIFORMED GROUPS,NPCC,35
163,SECONDARY,NATIONAL CADET CORPS (LAND),UNIFORMED GROUPS,NCC (LAND) (BOYS),35
164,SECONDARY,NATIONAL CADET CORPS (SEA),UNIFORMED GROUPS,NCC (SEA),35
165,SECONDARY,CHINESE ORCHESTRA,VISUAL AND PERFORMING ARTS,CHINESE ORCHESTRA,35
166,SECONDARY,CHOIR,VISUAL AND PERFORMING ARTS,CHOIR,35
167,SECONDARY,MODERN DANCE,VISUAL AND PERFORMING ARTS,MODERN DANCE,35
168,SECONDARY,MALAY DANCE,VISUAL AND PERFORMING ARTS,MALAY DANCE,35
169,SECONDARY,CONCERT BAND,VISUAL AND PERFORMING ARTS,CONCERT BAND,35
170,SECONDARY,ROBOTICS,CLUBS AND SOCIETIES,ROBOTICS CLUB,35
171,SECONDARY,INFOCOMM TECHNOLOGY (MEDIA PRODUCTION),CLUBS AND SOCIETIES,MEDIA CLUB,35
172,SECONDARY,BASKETBALL,PHYSICAL SPORTS,na,36
173,SECONDARY,FLOORBALL,PHYSICAL SPORTS,na,36
174,SECONDARY,TCHOUKBALL,PHYSICAL SPORTS,na,36
175,SECONDARY,ST JOHN BRIGADE,UNIFORMED GROUPS,na,36
176,SECONDARY,SCOUTS,UNIFORMED GROUPS,na,36
177,SECONDARY,NATIONAL CADET CORPS (LAND),UNIFORMED GROUPS,na,36
178,SECONDARY,CONCERT BAND,VISUAL AND PERFORMING ARTS,na,36
179,SECONDARY,ENTREPRENEURSHIP,CLUBS AND SOCIETIES,YOUNG ENTREPRENEUR CLUB,36
180,SECONDARY,MODERN DANCE,VISUAL AND PERFORMING ARTS,na,36
181,SECONDARY,ENGLISH DRAMA,VISUAL AND PERFORMING ARTS,DRAMA CLUB,36
182,SECONDARY,ROBOTICS,CLUBS AND SOCIETIES,ENGINEERING AND INNOVATION CLUB,36
183,SECONDARY,INFOCOMM TECHNOLOGY (MEDIA PRODUCTION),CLUBS AND SOCIETIES,INFO.MEDIA CLUB,36
184,SECONDARY,BADMINTON,PHYSICAL SPORTS,BADMINTON (BOYS),41
185,SECONDARY,HOCKEY,PHYSICAL SPORTS,HOCKEY (BOYS),41
186,SECONDARY,TRACK AND FIELD,PHYSICAL SPORTS,na,41
187,SECONDARY,TABLE TENNIS,PHYSICAL SPORTS,na,41
188,SECONDARY,VOLLEYBALL,PHYSICAL SPORTS,VOLLEYBALL (GIRLS),41
189,SECONDARY,FLOORBALL,PHYSICAL SPORTS,FLOORBALL (GIRLS),41
190,SECONDARY,BOYS' BRIGADE,UNIFORMED GROUPS,na,41
191,SECONDARY,GIRLS' BRIGADE,UNIFORMED GROUPS,na,41
192,SECONDARY,NATIONAL POLICE CADET CORPS,UNIFORMED GROUPS,na,41
193,SECONDARY,NATIONAL CADET CORPS (LAND),UNIFORMED GROUPS,na,41
194,SECONDARY,CHOIR,VISUAL AND PERFORMING ARTS,na,41
195,SECONDARY,MODERN DANCE,VISUAL AND PERFORMING ARTS,na,41
196,SECONDARY,CHINESE DANCE,VISUAL AND PERFORMING ARTS,na,41
197,SECONDARY,ENGLISH DRAMA,VISUAL AND PERFORMING ARTS,na,41
198,SECONDARY,SINGAPORE YOUTH FLYING CLUB,CLUBS AND SOCIETIES,na,41
199,SECONDARY,MEDIA RESOURCE CLUB,CLUBS AND SOCIETIES,na,41
200,SECONDARY,ENVIRONMENTAL SCIENCE,CLUBS AND SOCIETIES,ENVIRONMENTAL CLUB,41
201,SECONDARY,CONCERT BAND,VISUAL AND PERFORMING ARTS,na,51
202,SECONDARY,CHINESE INSTRUMENTAL ENSEMBLE,VISUAL AND PERFORMING ARTS,na,51
203,SECONDARY,INFOCOMM TECHNOLOGY (MEDIA PRODUCTION),CLUBS AND SOCIETIES,na,51
204,SECONDARY,BADMINTON,PHYSICAL SPORTS,na,51
205,SECONDARY,NETBALL,PHYSICAL SPORTS,na,51
206,SECONDARY,SEPAKTAKRAW,PHYSICAL SPORTS,na,51
207,SECONDARY,TRACK AND FIELD,PHYSICAL SPORTS,na,51
208,SECONDARY,BOYS' BRIGADE,UNIFORMED GROUPS,THE BOYS' BRIGADE,51
209,SECONDARY,GIRL GUIDES,UNIFORMED GROUPS,na,51
210,SECONDARY,NATIONAL CADET CORPS (AIR),UNIFORMED GROUPS,NCC(AIR),51
211,SECONDARY,MODERN DANCE,VISUAL AND PERFORMING ARTS,na,51
212,SECONDARY,MALAY DANCE,VISUAL AND PERFORMING ARTS,na,51
213,SECONDARY,SINGAPORE YOUTH FLYING CLUB,CLUBS AND SOCIETIES,na,51
214,PRIMARY,STUDENT LEADERSHIP (PREFECT),OTHERS,na,52
215,PRIMARY,MODULAR CCA (SPORTS),PHYSICAL SPORTS,MULTI-SPORTS,52
216,PRIMARY,GUITAR ENSEMBLE,VISUAL AND PERFORMING ARTS,GUITAR ENSEMBLE,52
217,PRIMARY,MODERN DANCE,VISUAL AND PERFORMING ARTS,na,52
218,PRIMARY,BASKETBALL,PHYSICAL SPORTS,BASKETBALL,52
219,PRIMARY,TRACK AND FIELD,PHYSICAL SPORTS,TRACK AND FIELD,52
220,PRIMARY,WUSHU,PHYSICAL SPORTS,WUSHU,52
221,PRIMARY,CHOIR,VISUAL AND PERFORMING ARTS,CHOIR,52
222,PRIMARY,ART AND CRAFTS,VISUAL AND PERFORMING ARTS,ART CLUB,52
223,SECONDARY,BADMINTON,PHYSICAL SPORTS,BADMINTON,66
224,SECONDARY,BASKETBALL,PHYSICAL SPORTS,BASKETBALL,66
225,SECONDARY,NETBALL,PHYSICAL SPORTS,NETBALL,66
226,SECONDARY,FOOTBALL,PHYSICAL SPORTS,FOOTBALL,66
227,SECONDARY,WUSHU,PHYSICAL SPORTS,WUSHU,66
228,SECONDARY,BOYS' BRIGADE,UNIFORMED GROUPS,BOYS' BRIGADE,66
229,SECONDARY,GIRLS' BRIGADE,UNIFORMED GROUPS,GIRLS' BRIGADE,66
230,SECONDARY,NATIONAL POLICE CADET CORPS,UNIFORMED GROUPS,NATIONAL POLICE CADET CORPS,66
231,SECONDARY,NATIONAL CADET CORPS (LAND),UNIFORMED GROUPS,NATIONAL CADET CORPS (LAND),66
232,SECONDARY,NATIONAL CIVIL DEFENCE CADET CORPS,UNIFORMED GROUPS,NATIONAL CIVIL DEFENCE CADET CORPS,66
233,SECONDARY,CHINESE ORCHESTRA,VISUAL AND PERFORMING ARTS,CHINESE ORCHESTRA,66
234,SECONDARY,CHOIR,VISUAL AND PERFORMING ARTS,CHOIR,66
235,SECONDARY,MODERN DANCE,VISUAL AND PERFORMING ARTS,MODERN DANCE,66
236,SECONDARY,ENGLISH DRAMA,VISUAL AND PERFORMING ARTS,ENGLISH DRAMA,66
237,SECONDARY,OUTDOOR ADVENTURE,PHYSICAL SPORTS,OUTDOOR ADVENTURE CLUB,66
238,SECONDARY,CONCERT BAND,VISUAL AND PERFORMING ARTS,CONCERT BAND,66
239,SECONDARY,INFOCOMM TECHNOLOGY (MEDIA PRODUCTION),CLUBS AND SOCIETIES,INFOCOMM CLUB,66
240,SECONDARY,COMMUNITY SERVICE,CLUBS AND SOCIETIES,COMMUNITY SERVICE CLUB,66
241,SECONDARY,INFOCOMM TECHNOLOGY (MEDIA PRODUCTION),CLUBS AND SOCIETIES,na,68
242,SECONDARY,ENVIRONMENTAL SCIENCE,CLUBS AND SOCIETIES,na,68
243,SECONDARY,BADMINTON,PHYSICAL SPORTS,na,68
244,SECONDARY,BASKETBALL,PHYSICAL SPORTS,na,68
245,SECONDARY,NETBALL,PHYSICAL SPORTS,na,68
246,SECONDARY,SEPAKTAKRAW,PHYSICAL SPORTS,na,68
247,SECONDARY,FOOTBALL,PHYSICAL SPORTS,na,68
248,SECONDARY,SWIMMING,PHYSICAL SPORTS,na,68
249,SECONDARY,WUSHU,PHYSICAL SPORTS,na,68
250,SECONDARY,FLOORBALL,PHYSICAL SPORTS,na,68
251,SECONDARY,GIRL GUIDES,UNIFORMED GROUPS,na,68
252,SECONDARY,NATIONAL POLICE CADET CORPS,UNIFORMED GROUPS,na,68
253,SECONDARY,ST JOHN BRIGADE,UNIFORMED GROUPS,ST. JOHN BRIGADE,68
254,SECONDARY,SCOUTS,UNIFORMED GROUPS,na,68
255,SECONDARY,NATIONAL CADET CORPS (SEA),UNIFORMED GROUPS,na,68
256,SECONDARY,CHINESE ORCHESTRA,VISUAL AND PERFORMING ARTS,na,68
257,SECONDARY,CHOIR,VISUAL AND PERFORMING ARTS,na,68
258,SECONDARY,MODERN DANCE,VISUAL AND PERFORMING ARTS,MODERN DANCE,68
259,SECONDARY,ENGLISH DRAMA,VISUAL AND PERFORMING ARTS,na,68
260,SECONDARY,ART AND CRAFTS,VISUAL AND PERFORMING ARTS,ART CLUB,68
261,SECONDARY,ROBOTICS,CLUBS AND SOCIETIES,na,68
262,SECONDARY,CONCERT BAND,VISUAL AND PERFORMING ARTS,na,68
263,SECONDARY,JOURNALISM,CLUBS AND SOCIETIES,JOURNALISM & LIBRARY CLUB,70
264,SECONDARY,CHINESE DRUMS,VISUAL AND PERFORMING ARTS,FESTIVAL DRUMS,70
265,SECONDARY,BASKETBALL,PHYSICAL SPORTS,BASKETBALL (BOYS-COMPETITIVE & RECREATION),70
266,SECONDARY,FENCING,PHYSICAL SPORTS,na,70
267,SECONDARY,WUSHU,PHYSICAL SPORTS,na,70
268,SECONDARY,VOLLEYBALL,PHYSICAL SPORTS,VOLLEYBALL (BOYS & GIRLS),70
269,SECONDARY,NATIONAL POLICE CADET CORPS,UNIFORMED GROUPS,na,70
270,SECONDARY,ST JOHN BRIGADE,UNIFORMED GROUPS,ST JOHN BRIGADE,70
271,SECONDARY,SCOUTS,UNIFORMED GROUPS,PEREGRINE SCOUTS GROUP,70
272,SECONDARY,NATIONAL CADET CORPS (AIR),UNIFORMED GROUPS,NCC (AIR),70
273,SECONDARY,CHINESE ORCHESTRA,VISUAL AND PERFORMING ARTS,na,70
274,SECONDARY,CHOIR,VISUAL AND PERFORMING ARTS,na,70
275,SECONDARY,GUZHENG ENSEMBLE,VISUAL AND PERFORMING ARTS,GUZHENG ENSEMBLE,70
276,SECONDARY,CHINESE DANCE,VISUAL AND PERFORMING ARTS,na,70
277,SECONDARY,CHINESE DRAMA,VISUAL AND PERFORMING ARTS,CHINESE DRAMA,70
278,SECONDARY,AUDIO VISUAL AID,CLUBS AND SOCIETIES,MULTIMEDIA CLUB,70
279,SECONDARY,ENTREPRENEURSHIP,CLUBS AND SOCIETIES,TECHNOPRENEUR CLUB,70
280,SECONDARY,OUTDOOR ADVENTURE,PHYSICAL SPORTS,ODAC,70
281,SECONDARY,MODERN DANCE,VISUAL AND PERFORMING ARTS,DANCE ENSEMBLE,70
282,SECONDARY,CONCERT BAND,VISUAL AND PERFORMING ARTS,na,70
283,SECONDARY,ENVIRONMENTAL SCIENCE,CLUBS AND SOCIETIES,GREEN CLUB,70
284,SECONDARY,OUTDOOR ADVENTURE,PHYSICAL SPORTS,ODAC,72
285,SECONDARY,CONCERT BAND,VISUAL AND PERFORMING ARTS,CONCERT BAND,72
286,SECONDARY,INFOCOMM TECHNOLOGY (MEDIA PRODUCTION),CLUBS AND SOCIETIES,MULTI MEDIA SERVICES,72
287,SECONDARY,BADMINTON,PHYSICAL SPORTS,BADMINTON (BOYS),72
288,SECONDARY,BASKETBALL,PHYSICAL SPORTS,BASKETBALL (BOYS),72
289,SECONDARY,NETBALL,PHYSICAL SPORTS,NETBALL (GIRLS),72
290,SECONDARY,FOOTBALL,PHYSICAL SPORTS,FOOTBALL (BOYS),72
291,SECONDARY,WUSHU,PHYSICAL SPORTS,WUSHU,72
292,SECONDARY,VOLLEYBALL,PHYSICAL SPORTS,VOLLEYBALL (BOYS),72
293,SECONDARY,GIRL GUIDES,UNIFORMED GROUPS,GIRL GUIDES,72
294,SECONDARY,NATIONAL POLICE CADET CORPS,UNIFORMED GROUPS,NPCC,72
295,SECONDARY,GUZHENG ENSEMBLE,VISUAL AND PERFORMING ARTS,GUZHENG,72
296,SECONDARY,CHINESE DANCE,VISUAL AND PERFORMING ARTS,CHINESE DANCE (GIRLS),72
297,SECONDARY,INDIAN DANCE,VISUAL AND PERFORMING ARTS,INDIAN DANCE (GIRLS),72
298,SECONDARY,MALAY DANCE,VISUAL AND PERFORMING ARTS,MALAY DANCE,72
299,SECONDARY,SCOUTS,UNIFORMED GROUPS,SCOUTS,72
300,SECONDARY,NATIONAL CADET CORPS (LAND),UNIFORMED GROUPS,NCC,72
301,SECONDARY,ENGLISH DRAMA,VISUAL AND PERFORMING ARTS,DRAMA CLUB,72
302,SECONDARY,ART AND CRAFTS,VISUAL AND PERFORMING ARTS,ART CLUB,72
303,SECONDARY,NATIONAL CIVIL DEFENCE CADET CORPS,UNIFORMED GROUPS,NCDCC,72
304,SECONDARY,BADMINTON,PHYSICAL SPORTS,BADMINTON,75
305,SECONDARY,BASKETBALL,PHYSICAL SPORTS,BASKETBALL,75
306,SECONDARY,NETBALL,PHYSICAL SPORTS,na,75
307,SECONDARY,SOFTBALL,PHYSICAL SPORTS,SOFTBALL (BOYS),75
308,SECONDARY,FLOORBALL,PHYSICAL SPORTS,FLOORBALL,75
309,SECONDARY,BOYS' BRIGADE,UNIFORMED GROUPS,na,75
310,SECONDARY,NATIONAL POLICE CADET CORPS,UNIFORMED GROUPS,na,75
311,SECONDARY,RED CROSS YOUTH,UNIFORMED GROUPS,RED CROSS YOUTH,75
312,SECONDARY,NATIONAL CADET CORPS (AIR),UNIFORMED GROUPS,na,75
313,SECONDARY,CHOIR,VISUAL AND PERFORMING ARTS,na,75
314,SECONDARY,MODERN DANCE,VISUAL AND PERFORMING ARTS,MODERN DANCE,75
315,SECONDARY,ENGLISH DRAMA,VISUAL AND PERFORMING ARTS,DRAMA,75
316,SECONDARY,AERO-MODELLING,CLUBS AND SOCIETIES,AERONAUTICS CLUB,75
317,SECONDARY,MEDIA RESOURCE LIBRARY,CLUBS AND SOCIETIES,LIBRARY CLUB,75
318,SECONDARY,COMMUNITY SERVICE,CLUBS AND SOCIETIES,COMMUNITY YOUTH LEADERS CLUB,75
319,SECONDARY,GIRL GUIDES,UNIFORMED GROUPS,na,75
320,SECONDARY,CONCERT BAND,VISUAL AND PERFORMING ARTS,CONCERT BAND,75
321,SECONDARY,ROBOTICS,CLUBS AND SOCIETIES,ROBOTICS,75
322,SECONDARY,AUDIO VIDEO AND INFORMATION TECHNOLOGY CLUB,CLUBS AND SOCIETIES,PA/AVA/VIDEOGRAPHY CLUB,75
323,SECONDARY,ENVIRONMENTAL SCIENCE,CLUBS AND SOCIETIES,ENVIRONMENT CLUB,75
324,SECONDARY,DRAGON BOAT,PHYSICAL SPORTS,na,81
325,SECONDARY,CONCERT BAND,VISUAL AND PERFORMING ARTS,na,81
326,SECONDARY,STUDENT LEADERSHIP (COUNCIL),OTHERS,na,81
327,SECONDARY,CANOEING,PHYSICAL SPORTS,CANOEING,81
328,SECONDARY,HANDBALL,PHYSICAL SPORTS,na,81
329,SECONDARY,NETBALL,PHYSICAL SPORTS,na,81
330,SECONDARY,RUGBY,PHYSICAL SPORTS,na,81
331,SECONDARY,GIRL GUIDES,UNIFORMED GROUPS,na,81
332,SECONDARY,NATIONAL POLICE CADET CORPS,UNIFORMED GROUPS,na,81
333,SECONDARY,NATIONAL CADET CORPS (LAND),UNIFORMED GROUPS,na,81
334,SECONDARY,CHOIR,VISUAL AND PERFORMING ARTS,na,81
335,SECONDARY,GUZHENG ENSEMBLE,VISUAL AND PERFORMING ARTS,na,81
336,SECONDARY,MODERN DANCE,VISUAL AND PERFORMING ARTS,na,81
337,SECONDARY,MALAY DANCE,VISUAL AND PERFORMING ARTS,DANCE - ETHNIC,81
338,SECONDARY,ENGLISH DRAMA,VISUAL AND PERFORMING ARTS,na,81
339,SECONDARY,ART AND CRAFTS,VISUAL AND PERFORMING ARTS,ART CLUB,81
340,SECONDARY,INFOCOMM TECHNOLOGY (MEDIA PRODUCTION),CLUBS AND SOCIETIES,ICC,81
341,SECONDARY,PHOTOGRAPHY,VISUAL AND PERFORMING ARTS,na,85
342,SECONDARY,CONCERT BAND,VISUAL AND PERFORMING ARTS,na,85
343,SECONDARY,BASKETBALL,PHYSICAL SPORTS,BASKETBALL,85
344,SECONDARY,FOOTBALL,PHYSICAL SPORTS,FOOTBALL,85
345,SECONDARY,TABLE TENNIS,PHYSICAL SPORTS,na,85
346,SECONDARY,NATIONAL POLICE CADET CORPS,UNIFORMED GROUPS,NPCC,85
347,SECONDARY,ST JOHN BRIGADE,UNIFORMED GROUPS,na,85
348,SECONDARY,SCOUTS,UNIFORMED GROUPS,na,85
349,SECONDARY,NATIONAL CADET CORPS (LAND),UNIFORMED GROUPS,NCC (LAND),85
350,SECONDARY,CHOIR,VISUAL AND PERFORMING ARTS,CHOIR,85
351,SECONDARY,GUZHENG ENSEMBLE,VISUAL AND PERFORMING ARTS,GUZHENG ENSEMBLE,85
352,SECONDARY,MODERN DANCE,VISUAL AND PERFORMING ARTS,MODERN DANCE,85
353,SECONDARY,MALAY DANCE,VISUAL AND PERFORMING ARTS,MALAY DANCE,85
354,SECONDARY,ENGLISH DRAMA,VISUAL AND PERFORMING ARTS,ENGLISH DRAMA,85
355,SECONDARY,AUDIO VISUAL AID,CLUBS AND SOCIETIES,AUDIO VISUAL AID,85
356,SECONDARY,MEDIA RESOURCE LIBRARY,CLUBS AND SOCIETIES,na,85
357,SECONDARY,INFOCOMM TECHNOLOGY (MEDIA PRODUCTION),CLUBS AND SOCIETIES,na,85
358,SECONDARY,JOURNALISM,CLUBS AND SOCIETIES,JOURNALISM CLUB,89
359,SECONDARY,BADMINTON,PHYSICAL SPORTS,na,89
360,SECONDARY,BASKETBALL,PHYSICAL SPORTS,na,89
361,SECONDARY,NETBALL,PHYSICAL SPORTS,na,89
362,SECONDARY,FLOORBALL,PHYSICAL SPORTS,na,89
363,SECONDARY,NATIONAL POLICE CADET CORPS,UNIFORMED GROUPS,na,89
364,SECONDARY,ST JOHN BRIGADE,UNIFORMED GROUPS,na,89
365,SECONDARY,SCOUTS,UNIFORMED GROUPS,na,89
366,SECONDARY,NATIONAL CADET CORPS (LAND),UNIFORMED GROUPS,na,89
367,SECONDARY,NATIONAL CIVIL DEFENCE CADET CORPS,UNIFORMED GROUPS,na,89
368,SECONDARY,CHOIR,VISUAL AND PERFORMING ARTS,na,89
369,SECONDARY,CHINESE DANCE,VISUAL AND PERFORMING ARTS,na,89
370,SECONDARY,MALAY DANCE,VISUAL AND PERFORMING ARTS,na,89
371,SECONDARY,ENGLISH DRAMA,VISUAL AND PERFORMING ARTS,na,89
372,SECONDARY,ART AND CRAFTS,VISUAL AND PERFORMING ARTS,na,89
373,SECONDARY,AUDIO VISUAL AID,CLUBS AND SOCIETIES,na,89
374,SECONDARY,CONCERT BAND,VISUAL AND PERFORMING ARTS,na,100
375,SECONDARY,MEDIA RESOURCE LIBRARY,CLUBS AND SOCIETIES,LIBRARY & EDITORIAL CLUB,100
376,SECONDARY,INFOCOMM TECHNOLOGY (MEDIA PRODUCTION),CLUBS AND SOCIETIES,INFOCOMM TECHNOLOGY (MEDIA PRODUCTION),100
377,SECONDARY,BADMINTON,PHYSICAL SPORTS,BADMINTON,100
378,SECONDARY,BASKETBALL,PHYSICAL SPORTS,BASKETBALL,100
379,SECONDARY,NETBALL,PHYSICAL SPORTS,na,100
380,SECONDARY,FOOTBALL,PHYSICAL SPORTS,FOOTBALL,100
381,SECONDARY,BOYS' BRIGADE,UNIFORMED GROUPS,BOYS' BRIGADE,100
382,SECONDARY,GIRLS' BRIGADE,UNIFORMED GROUPS,na,100
383,SECONDARY,NATIONAL POLICE CADET CORPS,UNIFORMED GROUPS,NPCC,100
384,SECONDARY,NATIONAL CADET CORPS (LAND),UNIFORMED GROUPS,NCC (LAND),100
385,SECONDARY,NATIONAL CIVIL DEFENCE CADET CORPS,UNIFORMED GROUPS,NATIONAL CIVIL DEFENCE CADET CORPS,100
386,SECONDARY,ENGLISH DRAMA,VISUAL AND PERFORMING ARTS,DRAMA,100
387,SECONDARY,LION AND DRAGON DANCE,VISUAL AND PERFORMING ARTS,FESTIVE DRUMS AND LION DANCE TROUPE,108
388,SECONDARY,SINGAPORE YOUTH FLYING CLUB,CLUBS AND SOCIETIES,na,108
389,SECONDARY,ROBOTICS,CLUBS AND SOCIETIES,MECHATRONICS CLUB,108
390,SECONDARY,COMMUNITY SERVICE (ROTARY-SPONSORED),CLUBS AND SOCIETIES,na,108
391,SECONDARY,CONCERT BAND,VISUAL AND PERFORMING ARTS,na,108
392,SECONDARY,BASKETBALL,PHYSICAL SPORTS,na,108
393,SECONDARY,NETBALL,PHYSICAL SPORTS,na,108
394,SECONDARY,SEPAKTAKRAW,PHYSICAL SPORTS,na,108
395,SECONDARY,FOOTBALL,PHYSICAL SPORTS,na,108
396,SECONDARY,BOYS' BRIGADE,UNIFORMED GROUPS,na,108
397,SECONDARY,GIRL GUIDES,UNIFORMED GROUPS,na,108
398,SECONDARY,NATIONAL CADET CORPS (LAND),UNIFORMED GROUPS,na,108
399,SECONDARY,GUITAR ENSEMBLE,VISUAL AND PERFORMING ARTS,na,108
400,SECONDARY,MODERN DANCE,VISUAL AND PERFORMING ARTS,DANCE - MODERN & CULTURAL,108
401,SECONDARY,CHINESE DANCE,VISUAL AND PERFORMING ARTS,na,108
402,SECONDARY,INDIAN DANCE,VISUAL AND PERFORMING ARTS,na,108
403,SECONDARY,MALAY DANCE,VISUAL AND PERFORMING ARTS,na,108
404,SECONDARY,MALAY CULTURE AND LANGUAGE,CLUBS AND SOCIETIES,na,110
405,SECONDARY,CONCERT BAND,VISUAL AND PERFORMING ARTS,na,110
406,SECONDARY,SHOOTING,PHYSICAL SPORTS,na,110
407,SECONDARY,BADMINTON,PHYSICAL SPORTS,na,110
408,SECONDARY,TABLE TENNIS,PHYSICAL SPORTS,na,110
409,SECONDARY,TCHOUKBALL,PHYSICAL SPORTS,na,110
410,SECONDARY,NATIONAL POLICE CADET CORPS,UNIFORMED GROUPS,na,110
411,SECONDARY,RED CROSS YOUTH,UNIFORMED GROUPS,na,110
412,SECONDARY,SCOUTS,UNIFORMED GROUPS,SEA SCOUTS,110
413,SECONDARY,NATIONAL CADET CORPS (LAND),UNIFORMED GROUPS,na,110
414,SECONDARY,CHINESE ORCHESTRA,VISUAL AND PERFORMING ARTS,na,110
415,SECONDARY,CHOIR,VISUAL AND PERFORMING ARTS,na,110
416,SECONDARY,CHINESE DANCE,VISUAL AND PERFORMING ARTS,CHINESE DANCE AND WUSHU,110
417,SECONDARY,ART AND CRAFTS,VISUAL AND PERFORMING ARTS,ART,110
418,SECONDARY,AUDIO VISUAL AID,CLUBS AND SOCIETIES,INFOCOMM,110
419,SECONDARY,"ENGLISH LANGUAGE, DRAMA AND DEBATING",CLUBS AND SOCIETIES,na,110
420,SECONDARY,ROBOTICS,CLUBS AND SOCIETIES,na,110
421,SECONDARY,ENVIRONMENTAL SCIENCE,CLUBS AND SOCIETIES,ENVIRONMENT,110
422,SECONDARY,BASKETBALL,PHYSICAL SPORTS,BASKETBALL (BOYS ONLY),112
423,SECONDARY,CANOEING,PHYSICAL SPORTS,CANOE SPRINT TEAM,112
424,SECONDARY,CROSS COUNTRY,PHYSICAL SPORTS,na,112
425,SECONDARY,FOOTBALL,PHYSICAL SPORTS,FOOTBALL (BOYS ONLY),112
426,SECONDARY,TABLE TENNIS,PHYSICAL SPORTS,TABLE TENNIS (GIRLS ONLY),112
427,SECONDARY,BOYS' BRIGADE,UNIFORMED GROUPS,na,112
428,SECONDARY,GIRLS' BRIGADE,UNIFORMED GROUPS,na,112
429,SECONDARY,NATIONAL POLICE CADET CORPS,UNIFORMED GROUPS,NPCC (BOYS ONLY),112
430,SECONDARY,ST JOHN BRIGADE,UNIFORMED GROUPS,na,112
431,SECONDARY,SCOUTS,UNIFORMED GROUPS,DRAGON SCOUTS,112
432,SECONDARY,NATIONAL CADET CORPS (LAND),UNIFORMED GROUPS,NCC (LAND) (BOYS ONLY),112
433,SECONDARY,CHOIR,VISUAL AND PERFORMING ARTS,na,112
434,SECONDARY,ENGLISH DRAMA,VISUAL AND PERFORMING ARTS,na,112
435,SECONDARY,ENTREPRENEURSHIP,CLUBS AND SOCIETIES,na,112
436,SECONDARY,INFOCOMM TECHNOLOGY (MEDIA PRODUCTION),CLUBS AND SOCIETIES,INFOCOMM CLUB,112
437,SECONDARY,STUDENT LEADERSHIP (COUNCIL),OTHERS,na,114
438,SECONDARY,BADMINTON,PHYSICAL SPORTS,na,114
439,SECONDARY,BASKETBALL,PHYSICAL SPORTS,BASKETBALL (BOYS ONLY),114
440,SECONDARY,NETBALL,PHYSICAL SPORTS,na,114
441,SECONDARY,FOOTBALL,PHYSICAL SPORTS,FOOTBALL (BOYS ONLY),114
442,SECONDARY,SOFTBALL,PHYSICAL SPORTS,SOFTBALL (GIRLS ONLY),114
443,SECONDARY,TRACK AND FIELD,PHYSICAL SPORTS,ATHLETICS,114
444,SECONDARY,VOLLEYBALL,PHYSICAL SPORTS,VOLLEYBALL (BOYS ONLY),114
445,SECONDARY,BOWLING,PHYSICAL SPORTS,na,114
446,SECONDARY,BOYS' BRIGADE,UNIFORMED GROUPS,na,114
447,SECONDARY,GIRLS' BRIGADE,UNIFORMED GROUPS,na,114
448,SECONDARY,GIRL GUIDES,UNIFORMED GROUPS,na,114
449,SECONDARY,NATIONAL POLICE CADET CORPS,UNIFORMED GROUPS,NPCC (BOYS ONLY),114
450,SECONDARY,CHOIR,VISUAL AND PERFORMING ARTS,na,114
451,SECONDARY,CHINESE DANCE,VISUAL AND PERFORMING ARTS,DANCE - CHINESE (GIRLS ONLY),114
452,SECONDARY,ENGLISH DRAMA,VISUAL AND PERFORMING ARTS,na,114
453,SECONDARY,TABLE TENNIS,PHYSICAL SPORTS,na,114
454,SECONDARY,OUTDOOR ADVENTURE,PHYSICAL SPORTS,Outdoor Adventure Club,117
455,SECONDARY,CANOEING,PHYSICAL SPORTS,CANOEING,117
456,SECONDARY,FENCING,PHYSICAL SPORTS,na,117
457,SECONDARY,FOOTBALL,PHYSICAL SPORTS,FOOTBALL,117
458,SECONDARY,SOFTBALL,PHYSICAL SPORTS,na,117
459,SECONDARY,FLOORBALL,PHYSICAL SPORTS,na,117
460,SECONDARY,NATIONAL POLICE CADET CORPS,UNIFORMED GROUPS,NATIONAL POLICE CADET CORPS,117
461,SECONDARY,RED CROSS YOUTH,UNIFORMED GROUPS,RED CROSS YOUTH UNIT,117
462,SECONDARY,NATIONAL CADET CORPS (LAND),UNIFORMED GROUPS,NATIONAL CADET CORPS,117
463,SECONDARY,ANGKLUNG/KULINTANG ENSEMBLE,VISUAL AND PERFORMING ARTS,ANGKLUNG ENSEMBLE,117
464,SECONDARY,CHINESE ORCHESTRA,VISUAL AND PERFORMING ARTS,GREENDALE ORCHESTRA,117
465,SECONDARY,CHOIR,VISUAL AND PERFORMING ARTS,CHORALE,117
466,SECONDARY,MODERN DANCE,VISUAL AND PERFORMING ARTS,DANCE ENSEMBLE,117
467,SECONDARY,ENGLISH DRAMA,VISUAL AND PERFORMING ARTS,THEATRICKS - ENGLISH,117
468,SECONDARY,ART AND CRAFTS,VISUAL AND PERFORMING ARTS,ART CLUB,117
469,SECONDARY,ROBOTICS,CLUBS AND SOCIETIES,na,117
470,SECONDARY,DIGITAL MEDIA,VISUAL AND PERFORMING ARTS,GREENDALE BROADCASTING CLUB,117
471,SECONDARY,MEDIA RESOURCE LIBRARY,CLUBS AND SOCIETIES,Library,117
472,SECONDARY,ROCKWALL CLIMBING,PHYSICAL SPORTS,ROCK CLIMBING,122
473,SECONDARY,MODULAR CCA (VPA),VISUAL AND PERFORMING ARTS,INTERNATIONAL DANCE,122
474,SECONDARY,ENVIRONMENTAL SCIENCE,CLUBS AND SOCIETIES,na,122
475,SECONDARY,BADMINTON,PHYSICAL SPORTS,na,122
476,SECONDARY,BASKETBALL,PHYSICAL SPORTS,na,122
477,SECONDARY,CROSS COUNTRY,PHYSICAL SPORTS,na,122
478,SECONDARY,FOOTBALL,PHYSICAL SPORTS,na,122
479,SECONDARY,GIRLS' BRIGADE,UNIFORMED GROUPS,na,122
480,SECONDARY,NATIONAL POLICE CADET CORPS,UNIFORMED GROUPS,na,122
481,SECONDARY,RED CROSS YOUTH,UNIFORMED GROUPS,RED CROSS YOUTH,122
482,SECONDARY,NATIONAL CADET CORPS (LAND),UNIFORMED GROUPS,na,122
483,SECONDARY,CHOIR,VISUAL AND PERFORMING ARTS,na,122
484,SECONDARY,ENGLISH DRAMA,VISUAL AND PERFORMING ARTS,DRAMA,122
485,SECONDARY,CONCERT BAND,VISUAL AND PERFORMING ARTS,SYMPHONIC BAND,122
486,SECONDARY,AUDIO VISUAL AID,CLUBS AND SOCIETIES,AUDIO VISUAL,122
487,SECONDARY,BADMINTON,PHYSICAL SPORTS,BADMINTON (BOYS),123
488,SECONDARY,VOLLEYBALL,PHYSICAL SPORTS,VOLLEYBALL(GIRLS),123
489,SECONDARY,FLOORBALL,PHYSICAL SPORTS,na,123
490,SECONDARY,BOWLING,PHYSICAL SPORTS,na,123
491,SECONDARY,GOLF,PHYSICAL SPORTS,na,123
492,SECONDARY,NATIONAL POLICE CADET CORPS,UNIFORMED GROUPS,na,123
493,SECONDARY,ST JOHN BRIGADE,UNIFORMED GROUPS,na,123
494,SECONDARY,NATIONAL CADET CORPS (LAND),UNIFORMED GROUPS,na,123
495,SECONDARY,CHOIR,VISUAL AND PERFORMING ARTS,na,123
496,SECONDARY,MODERN DANCE,VISUAL AND PERFORMING ARTS,na,123
497,SECONDARY,MALAY DANCE,VISUAL AND PERFORMING ARTS,na,123
498,SECONDARY,ENGLISH DRAMA,VISUAL AND PERFORMING ARTS,na,123
499,SECONDARY,CONCERT BAND,VISUAL AND PERFORMING ARTS,na,123
500,SECONDARY,SINGAPORE YOUTH FLYING CLUB,CLUBS AND SOCIETIES,na,123
501,SECONDARY,ROBOTICS,CLUBS AND SOCIETIES,na,123
502,SECONDARY,INFOCOMM TECHNOLOGY (MEDIA PRODUCTION),CLUBS AND SOCIETIES,INFOCOMM CLUB,123
503,SECONDARY,VOLLEYBALL,PHYSICAL SPORTS,VOLLEYBALL (GIRLS),126
504,SECONDARY,FLOORBALL,PHYSICAL SPORTS,FLOORBALL (BOYS),126
505,SECONDARY,BOYS' BRIGADE,UNIFORMED GROUPS,na,126
506,SECONDARY,GIRLS' BRIGADE,UNIFORMED GROUPS,na,126
507,SECONDARY,NATIONAL POLICE CADET CORPS,UNIFORMED GROUPS,na,126
508,SECONDARY,SCOUTS,UNIFORMED GROUPS,AIR SCOUTS,126
509,SECONDARY,NATIONAL CADET CORPS (AIR),UNIFORMED GROUPS,na,126
510,SECONDARY,CHOIR,VISUAL AND PERFORMING ARTS,na,126
511,SECONDARY,MODERN DANCE,VISUAL AND PERFORMING ARTS,MODERN DANCE,126
512,SECONDARY,MALAY DANCE,VISUAL AND PERFORMING ARTS,MALAY DANCE,126
513,SECONDARY,ENGLISH DRAMA,VISUAL AND PERFORMING ARTS,DRAMA CLUB,126
514,SECONDARY,CONCERT BAND,VISUAL AND PERFORMING ARTS,CONCERT BAND,126
515,SECONDARY,ART AND CRAFTS,VISUAL AND PERFORMING ARTS,ART CLUB,126
516,SECONDARY,SINGAPORE YOUTH FLYING CLUB,CLUBS AND SOCIETIES,na,126
517,SECONDARY,ROBOTICS,CLUBS AND SOCIETIES,na,126
518,SECONDARY,DIGITAL MEDIA,VISUAL AND PERFORMING ARTS,MEDIA CLUB,126
519,SECONDARY,BADMINTON,PHYSICAL SPORTS,BADMINTON (BOYS),126
520,SECONDARY,NETBALL,PHYSICAL SPORTS,NETBALL (GIRLS),126
521,SECONDARY,STUDENT LEADERSHIP (COUNCIL),OTHERS,na,140
522,SECONDARY,CONCERT BAND,VISUAL AND PERFORMING ARTS,na,140
523,SECONDARY,INFOCOMM TECHNOLOGY (COMPUTING),CLUBS AND SOCIETIES,na,140
524,SECONDARY,ARCHERY,PHYSICAL SPORTS,na,140
525,SECONDARY,BADMINTON,PHYSICAL SPORTS,na,140
526,SECONDARY,BASKETBALL,PHYSICAL SPORTS,na,140
527,SECONDARY,RUGBY,PHYSICAL SPORTS,na,140
528,SECONDARY,TRACK AND FIELD,PHYSICAL SPORTS,na,140
529,SECONDARY,VOLLEYBALL,PHYSICAL SPORTS,na,140
530,SECONDARY,BOYS' BRIGADE,UNIFORMED GROUPS,na,140
531,SECONDARY,GIRLS' BRIGADE,UNIFORMED GROUPS,na,140
532,SECONDARY,NATIONAL POLICE CADET CORPS,UNIFORMED GROUPS,na,140
533,SECONDARY,ST JOHN BRIGADE,UNIFORMED GROUPS,na,140
534,SECONDARY,NATIONAL CADET CORPS (LAND),UNIFORMED GROUPS,na,140
535,SECONDARY,CHOIR,VISUAL AND PERFORMING ARTS,na,140
536,SECONDARY,GUITAR ENSEMBLE,VISUAL AND PERFORMING ARTS,na,140
537,SECONDARY,MODERN DANCE,VISUAL AND PERFORMING ARTS,DANCE,140
538,SECONDARY,ENGLISH DRAMA,VISUAL AND PERFORMING ARTS,na,140
539,SECONDARY,INFOCOMM TECHNOLOGY (MEDIA PRODUCTION),CLUBS AND SOCIETIES,na,140
540,SECONDARY,BADMINTON,PHYSICAL SPORTS,na,146
541,SECONDARY,BASKETBALL,PHYSICAL SPORTS,na,146
542,SECONDARY,NETBALL,PHYSICAL SPORTS,na,146
543,SECONDARY,SEPAKTAKRAW,PHYSICAL SPORTS,na,146
544,SECONDARY,FOOTBALL,PHYSICAL SPORTS,na,146
545,SECONDARY,TCHOUKBALL,PHYSICAL SPORTS,na,146
546,SECONDARY,BOYS' BRIGADE,UNIFORMED GROUPS,na,146
547,SECONDARY,GIRL GUIDES,UNIFORMED GROUPS,na,146
548,SECONDARY,NATIONAL POLICE CADET CORPS,UNIFORMED GROUPS,na,146
549,SECONDARY,SCOUTS,UNIFORMED GROUPS,na,146
550,SECONDARY,NATIONAL CADET CORPS (LAND),UNIFORMED GROUPS,na,146
551,SECONDARY,ANGKLUNG/KULINTANG ENSEMBLE,VISUAL AND PERFORMING ARTS,Angklung & Kulintang Ensemble,146
552,SECONDARY,CHINESE ORCHESTRA,VISUAL AND PERFORMING ARTS,na,146
553,SECONDARY,PERCUSSION ENSEMBLE,VISUAL AND PERFORMING ARTS,DRUMATIX BATUCADA,146
554,SECONDARY,ENGLISH DRAMA,VISUAL AND PERFORMING ARTS,na,146
555,SECONDARY,CONCERT BAND,VISUAL AND PERFORMING ARTS,na,146
556,SECONDARY,AUDIO VISUAL AID,CLUBS AND SOCIETIES,INFOCOMM CLUB,146
557,SECONDARY,BADMINTON,PHYSICAL SPORTS,BADMINTON CLUB,150
558,SECONDARY,BASKETBALL,PHYSICAL SPORTS,BASKETBALL CLUB,150
559,SECONDARY,FOOTBALL,PHYSICAL SPORTS,FOOTBALL CLUB,150
560,SECONDARY,SAILING,PHYSICAL SPORTS,SAILING CLUB,150
561,SECONDARY,FLOORBALL,PHYSICAL SPORTS,FLOORBALL CLUB,150
562,SECONDARY,BOYS' BRIGADE,UNIFORMED GROUPS,BOYS' BRIGADE,150
563,SECONDARY,GIRLS' BRIGADE,UNIFORMED GROUPS,GIRLS' BRIGADE,150
564,SECONDARY,NATIONAL POLICE CADET CORPS,UNIFORMED GROUPS,NPCC,150
565,SECONDARY,NATIONAL CADET CORPS (LAND),UNIFORMED GROUPS,NCC (LAND),150
566,SECONDARY,CHOIR,VISUAL AND PERFORMING ARTS,CHOIR,150
567,SECONDARY,MODERN DANCE,VISUAL AND PERFORMING ARTS,DANCE CLUB,150
568,SECONDARY,ENGLISH DRAMA,VISUAL AND PERFORMING ARTS,DRAMA CLUB,150
569,SECONDARY,CONCERT BAND,VISUAL AND PERFORMING ARTS,CONCERT BAND,150
570,SECONDARY,DEBATING AND PUBLIC SPEAKING,CLUBS AND SOCIETIES,DEBATE SOCIETY,150
571,SECONDARY,ART AND CRAFTS,VISUAL AND PERFORMING ARTS,EARTH CLUB,150
572,SECONDARY,ROBOTICS,CLUBS AND SOCIETIES,INFOCOMM CLUB,150
573,SECONDARY,INFOCOMM TECHNOLOGY (MEDIA PRODUCTION),CLUBS AND SOCIETIES,MEDIA CLUB,150
574,SECONDARY,INFOCOMM TECHNOLOGY (MEDIA PRODUCTION),CLUBS AND SOCIETIES,INFOCOMM,159
575,SECONDARY,SHOOTING,PHYSICAL SPORTS,AIR RIFLE,159
576,SECONDARY,BASKETBALL,PHYSICAL SPORTS,BASKETBALL,159
577,SECONDARY,NETBALL,PHYSICAL SPORTS,NETBALL,159
578,SECONDARY,FLOORBALL,PHYSICAL SPORTS,FLOORBALL,159
579,SECONDARY,BOYS' BRIGADE,UNIFORMED GROUPS,BOYS' BRIGADE,159
580,SECONDARY,GIRL GUIDES,UNIFORMED GROUPS,GIRL GUIDES,159
581,SECONDARY,NATIONAL POLICE CADET CORPS,UNIFORMED GROUPS,NPCC,159
582,SECONDARY,NATIONAL CADET CORPS (LAND),UNIFORMED GROUPS,NCC (LAND),159
583,SECONDARY,MODERN DANCE,VISUAL AND PERFORMING ARTS,DANCEVERSITY,159
584,SECONDARY,ENGLISH DRAMA,VISUAL AND PERFORMING ARTS,DRAMA,159
585,SECONDARY,BADMINTON,PHYSICAL SPORTS,na,161
586,SECONDARY,BASKETBALL,PHYSICAL SPORTS,na,161
587,SECONDARY,FOOTBALL,PHYSICAL SPORTS,na,161
588,SECONDARY,TABLE TENNIS,PHYSICAL SPORTS,na,161
589,SECONDARY,WUSHU,PHYSICAL SPORTS,na,161
590,SECONDARY,GIRL GUIDES,UNIFORMED GROUPS,na,161
591,SECONDARY,NATIONAL POLICE CADET CORPS,UNIFORMED GROUPS,na,161
592,SECONDARY,SCOUTS,UNIFORMED GROUPS,na,161
593,SECONDARY,NATIONAL CADET CORPS (LAND),UNIFORMED GROUPS,na,161
594,SECONDARY,CHINESE ORCHESTRA,VISUAL AND PERFORMING ARTS,na,161
595,SECONDARY,CHOIR,VISUAL AND PERFORMING ARTS,na,161
596,SECONDARY,CHINESE DANCE,VISUAL AND PERFORMING ARTS,na,161
597,SECONDARY,CONCERT BAND,VISUAL AND PERFORMING ARTS,na,161
598,SECONDARY,BADMINTON,PHYSICAL SPORTS,na,164
599,SECONDARY,SEPAKTAKRAW,PHYSICAL SPORTS,na,164
600,SECONDARY,FLOORBALL,PHYSICAL SPORTS,na,164
601,SECONDARY,BOYS' BRIGADE,UNIFORMED GROUPS,na,164
602,SECONDARY,NATIONAL POLICE CADET CORPS,UNIFORMED GROUPS,na,164
603,SECONDARY,RED CROSS YOUTH,UNIFORMED GROUPS,RED CROSS YOUTH,164
604,SECONDARY,NATIONAL CADET CORPS (SEA),UNIFORMED GROUPS,na,164
605,SECONDARY,CHINESE ORCHESTRA,VISUAL AND PERFORMING ARTS,na,164
606,SECONDARY,MODERN DANCE,VISUAL AND PERFORMING ARTS,INTERNATIONAL DANCE,164
607,SECONDARY,MALAY DANCE,VISUAL AND PERFORMING ARTS,na,164
608,SECONDARY,ENGLISH DRAMA,VISUAL AND PERFORMING ARTS,DRAMA SOCIETY,164
609,SECONDARY,CONCERT BAND,VISUAL AND PERFORMING ARTS,na,164
610,SECONDARY,ART AND CRAFTS,VISUAL AND PERFORMING ARTS,na,164
611,SECONDARY,CONCERT BAND,VISUAL AND PERFORMING ARTS,na,175
612,SECONDARY,DESIGN AND INNOVATION,CLUBS AND SOCIETIES,MAKER CLUB,175
613,SECONDARY,MEDIA RESOURCE AND IT CLUB,CLUBS AND SOCIETIES,IDMA CLUB (MULTIMEDIA),175
614,SECONDARY,BADMINTON,PHYSICAL SPORTS,na,175
615,SECONDARY,BASKETBALL,PHYSICAL SPORTS,na,175
616,SECONDARY,RUGBY,PHYSICAL SPORTS,na,175
617,SECONDARY,FOOTBALL,PHYSICAL SPORTS,na,175
618,SECONDARY,SOFTBALL,PHYSICAL SPORTS,na,175
619,SECONDARY,WUSHU,PHYSICAL SPORTS,na,175
620,SECONDARY,NATIONAL POLICE CADET CORPS,UNIFORMED GROUPS,na,175
621,SECONDARY,SCOUTS,UNIFORMED GROUPS,na,175
622,SECONDARY,NATIONAL CADET CORPS (LAND),UNIFORMED GROUPS,na,175
623,SECONDARY,NATIONAL CIVIL DEFENCE CADET CORPS,UNIFORMED GROUPS,na,175
624,SECONDARY,CHOIR,VISUAL AND PERFORMING ARTS,na,175
625,SECONDARY,MODERN DANCE,VISUAL AND PERFORMING ARTS,DANCE CLUB,175
626,SECONDARY,AUDIO VISUAL AID,CLUBS AND SOCIETIES,IDMA CLUB (AV),175
627,SECONDARY,"ENGLISH LANGUAGE, DRAMA AND DEBATING",CLUBS AND SOCIETIES,DRAMA CLUB,175
628,SECONDARY,INFOCOMM TECHNOLOGY (MEDIA PRODUCTION),CLUBS AND SOCIETIES,IDMA CLUB (INFO CLUB),175
629,SECONDARY,BADMINTON,PHYSICAL SPORTS,na,176
630,SECONDARY,BASKETBALL,PHYSICAL SPORTS,BASKETBALL,176
631,SECONDARY,TABLE TENNIS,PHYSICAL SPORTS,na,176
632,SECONDARY,WUSHU,PHYSICAL SPORTS,na,176
633,SECONDARY,NATIONAL POLICE CADET CORPS,UNIFORMED GROUPS,na,176
634,SECONDARY,RED CROSS YOUTH,UNIFORMED GROUPS,na,176
635,SECONDARY,SCOUTS,UNIFORMED GROUPS,na,176
636,SECONDARY,NATIONAL CADET CORPS (LAND),UNIFORMED GROUPS,na,176
637,SECONDARY,CHINESE ORCHESTRA,VISUAL AND PERFORMING ARTS,CHINESE ORCHESTRA,176
638,SECONDARY,CHOIR,VISUAL AND PERFORMING ARTS,na,176
639,SECONDARY,STRING ENSEMBLE,VISUAL AND PERFORMING ARTS,STRING ORCHESTRA,176
640,SECONDARY,CHINESE DANCE,VISUAL AND PERFORMING ARTS,CHINESE DANCE,176
641,SECONDARY,CHINESE DRAMA,VISUAL AND PERFORMING ARTS,CHINESE DRAMA,176
642,SECONDARY,ENGLISH DRAMA,VISUAL AND PERFORMING ARTS,ENGLISH DRAMA,176
643,SECONDARY,ART AND CRAFTS,VISUAL AND PERFORMING ARTS,VISUAL ARTS CLUB,176
644,SECONDARY,AUDIO VISUAL AID,CLUBS AND SOCIETIES,MULTIMEDIA CLUB,176
645,SECONDARY,DEBATING AND PUBLIC SPEAKING,CLUBS AND SOCIETIES,DEBATE CLUB,176
646,SECONDARY,CHINESE CALLIGRAPHY AND BRUSH PAINTING,VISUAL AND PERFORMING ARTS,CHINESE CALLIGRAPHY,176
647,SECONDARY,INFOCOMM TECHNOLOGY (COMPUTING),CLUBS AND SOCIETIES,INFOCOMM CLUB,176
648,SECONDARY,ROBOTICS,CLUBS AND SOCIETIES,ROBOTICS CLUB,176
649,SECONDARY,CHINESE CHESS,CLUBS AND SOCIETIES,MIND GAMES CLUB,176
650,SECONDARY,CHINESE WEIQI,CLUBS AND SOCIETIES,MIND GAMES CLUB,176
651,SECONDARY,MEDIA RESOURCE LIBRARY,CLUBS AND SOCIETIES,LIBRARY,176
652,SECONDARY,FOOTBALL,PHYSICAL SPORTS,na,193
653,SECONDARY,BASKETBALL,PHYSICAL SPORTS,na,193
654,SECONDARY,NETBALL,PHYSICAL SPORTS,na,193
655,SECONDARY,STUDENT LEADERSHIP (PREFECT),OTHERS,na,193
656,SECONDARY,OUTDOOR ADVENTURE,PHYSICAL SPORTS,na,193
657,SECONDARY,CONCERT BAND,VISUAL AND PERFORMING ARTS,SYMPHONIC BAND,193
658,SECONDARY,COMMUNITY SERVICE,CLUBS AND SOCIETIES,na,193
659,SECONDARY,TRACK AND FIELD,PHYSICAL SPORTS,ATHLETICS,193
660,SECONDARY,GOLF,PHYSICAL SPORTS,na,193
661,SECONDARY,GIRL GUIDES,UNIFORMED GROUPS,na,193
662,SECONDARY,NATIONAL POLICE CADET CORPS,UNIFORMED GROUPS,na,193
663,SECONDARY,ST JOHN BRIGADE,UNIFORMED GROUPS,na,193
664,SECONDARY,NATIONAL CADET CORPS (LAND),UNIFORMED GROUPS,na,193
665,SECONDARY,CHOIR,VISUAL AND PERFORMING ARTS,na,193
666,SECONDARY,STRING ENSEMBLE,VISUAL AND PERFORMING ARTS,na,193
667,SECONDARY,MODERN DANCE,VISUAL AND PERFORMING ARTS,na,193
668,SECONDARY,CHINESE DANCE,VISUAL AND PERFORMING ARTS,na,193
669,SECONDARY,ENGLISH DRAMA,VISUAL AND PERFORMING ARTS,DRAMA CLUB,193
670,SECONDARY,INFOCOMM TECHNOLOGY (MEDIA PRODUCTION),CLUBS AND SOCIETIES,INFOCOMM TECHNOLOGY,193
671,SECONDARY,STUDENT LEADERSHIP (COUNCIL),OTHERS,na,194
672,SECONDARY,BADMINTON,PHYSICAL SPORTS,na,194
673,SECONDARY,BASKETBALL,PHYSICAL SPORTS,na,194
674,SECONDARY,FLOORBALL,PHYSICAL SPORTS,na,194
675,SECONDARY,BOYS' BRIGADE,UNIFORMED GROUPS,na,194
676,SECONDARY,NATIONAL POLICE CADET CORPS,UNIFORMED GROUPS,na,194
677,SECONDARY,RED CROSS YOUTH,UNIFORMED GROUPS,na,194
678,SECONDARY,NATIONAL CADET CORPS (AIR),UNIFORMED GROUPS,na,194
679,SECONDARY,GUZHENG ENSEMBLE,VISUAL AND PERFORMING ARTS,na,194
680,SECONDARY,MODERN DANCE,VISUAL AND PERFORMING ARTS,na,194
681,SECONDARY,ENGLISH DRAMA,VISUAL AND PERFORMING ARTS,DRAMA CLUB,194
682,SECONDARY,CONCERT BAND,VISUAL AND PERFORMING ARTS,na,194
683,SECONDARY,AERO-MODELLING,CLUBS AND SOCIETIES,NORTHBROOKS YOUTH FLYING CLUB,194
684,SECONDARY,ENVIRONMENTAL SCIENCE,CLUBS AND SOCIETIES,ENVIRONMENTAL ART CLUB,194
685,SECONDARY,INFOCOMM TECHNOLOGY (MEDIA PRODUCTION),CLUBS AND SOCIETIES,INFOCOMM CLUB,194
686,SECONDARY,HOCKEY,PHYSICAL SPORTS,na,196
687,SECONDARY,NETBALL,PHYSICAL SPORTS,na,196
688,SECONDARY,WUSHU,PHYSICAL SPORTS,na,196
689,SECONDARY,FLOORBALL,PHYSICAL SPORTS,na,196
690,SECONDARY,GIRL GUIDES,UNIFORMED GROUPS,na,196
691,SECONDARY,NATIONAL POLICE CADET CORPS,UNIFORMED GROUPS,na,196
692,SECONDARY,NATIONAL CADET CORPS (AIR),UNIFORMED GROUPS,na,196
693,SECONDARY,NATIONAL CADET CORPS (LAND),UNIFORMED GROUPS,na,196
694,SECONDARY,GUZHENG ENSEMBLE,VISUAL AND PERFORMING ARTS,GUZHENG ENSEMBLE,196
695,SECONDARY,MODERN DANCE,VISUAL AND PERFORMING ARTS,MULTI CULTURAL ARTISTE CLUB,196
696,SECONDARY,INDIAN DANCE,VISUAL AND PERFORMING ARTS,na,196
697,SECONDARY,MALAY DANCE,VISUAL AND PERFORMING ARTS,na,196
698,SECONDARY,CONCERT BAND,VISUAL AND PERFORMING ARTS,na,196
699,SECONDARY,PIPE BAND,VISUAL AND PERFORMING ARTS,na,196
700,SECONDARY,DESIGN AND INNOVATION,CLUBS AND SOCIETIES,HEART CLUB,196
701,SECONDARY,INFOCOMM TECHNOLOGY (MEDIA PRODUCTION),CLUBS AND SOCIETIES,"INFOCOMM CLUB (AVA, PHOTOGRAPHY & VIDEOGRAPHY)",196
702,SECONDARY,BASKETBALL,PHYSICAL SPORTS,na,196
703,SECONDARY,JOURNALISM,CLUBS AND SOCIETIES,Pei Hwa Times,214
704,SECONDARY,BADMINTON,PHYSICAL SPORTS,Badminton,214
705,SECONDARY,BASKETBALL,PHYSICAL SPORTS,Basketball,214
706,SECONDARY,FOOTBALL,PHYSICAL SPORTS,Football,214
707,SECONDARY,TABLE TENNIS,PHYSICAL SPORTS,Table Tennis,214
708,SECONDARY,TAEKWONDO,PHYSICAL SPORTS,Taekwondo,214
709,SECONDARY,WUSHU,PHYSICAL SPORTS,Wushu,214
710,SECONDARY,FLOORBALL,PHYSICAL SPORTS,Floorball,214
711,SECONDARY,NATIONAL POLICE CADET CORPS,UNIFORMED GROUPS,National Police Cadet Corps,214
712,SECONDARY,NATIONAL CADET CORPS (LAND),UNIFORMED GROUPS,National Cadet Corps,214
713,SECONDARY,NATIONAL CIVIL DEFENCE CADET CORPS,UNIFORMED GROUPS,National Civil Defence Cadet Corps,214
714,SECONDARY,CHOIR,VISUAL AND PERFORMING ARTS,Choir,214
715,SECONDARY,GUZHENG ENSEMBLE,VISUAL AND PERFORMING ARTS,Guzheng,214
716,SECONDARY,MODERN DANCE,VISUAL AND PERFORMING ARTS,Dance,214
717,SECONDARY,CONCERT BAND,VISUAL AND PERFORMING ARTS,Symphonic Band,214
718,SECONDARY,ART AND CRAFTS,VISUAL AND PERFORMING ARTS,Pei Hwa Art Council,214
719,SECONDARY,ROBOTICS,CLUBS AND SOCIETIES,Robotics Club,214
720,SECONDARY,STUDENT LEADERSHIP (COUNCIL),OTHERS,Student Council,214
721,SECONDARY,SPEECH AND DRAMA,VISUAL AND PERFORMING ARTS,DRAMA,214
722,SECONDARY,INFOCOMM TECHNOLOGY (MEDIA PRODUCTION),CLUBS AND SOCIETIES,INFOCOMM CLUB,214
723,SECONDARY,OUTDOOR ADVENTURE,PHYSICAL SPORTS,OUTDOOR ACTIVITIES CLUB,214
724,SECONDARY,STUDENT LEADERSHIP (COUNCIL),OTHERS,na,216
725,SECONDARY,INFOCOMM TECHNOLOGY (MEDIA PRODUCTION),CLUBS AND SOCIETIES,INFOCOMM CLUB,216
726,SECONDARY,NATIONAL CADET CORPS (SEA),UNIFORMED GROUPS,na,216
727,SECONDARY,BASKETBALL,PHYSICAL SPORTS,na,216
728,SECONDARY,SOFTBALL,PHYSICAL SPORTS,na,216
729,SECONDARY,VOLLEYBALL,PHYSICAL SPORTS,na,216
730,SECONDARY,GIRL GUIDES,UNIFORMED GROUPS,na,216
731,SECONDARY,NATIONAL POLICE CADET CORPS,UNIFORMED GROUPS,na,216
732,SECONDARY,MODERN DANCE,VISUAL AND PERFORMING ARTS,na,216
733,SECONDARY,ENGLISH DRAMA,VISUAL AND PERFORMING ARTS,na,216
734,SECONDARY,CONCERT BAND,VISUAL AND PERFORMING ARTS,na,216
735,SECONDARY,AERO-MODELLING,CLUBS AND SOCIETIES,AERO-MODELLING,216
736,SECONDARY,ART AND CRAFTS,VISUAL AND PERFORMING ARTS,ART CLUB,216
737,SECONDARY,CRICKET,PHYSICAL SPORTS,CRICKET,219
738,SECONDARY,NETBALL,PHYSICAL SPORTS,NETBALL,219
739,SECONDARY,TCHOUKBALL,PHYSICAL SPORTS,TCHOUKBALL,219
740,SECONDARY,NATIONAL POLICE CADET CORPS,UNIFORMED GROUPS,NATIONAL POLICE CADET CORPS,219
741,SECONDARY,NATIONAL CADET CORPS (LAND),UNIFORMED GROUPS,NATIONAL CADET CORPS (LAND),219
742,SECONDARY,ANGKLUNG/KULINTANG ENSEMBLE,VISUAL AND PERFORMING ARTS,ANGKLUNG/KULINTANG ENSEMBLE,219
743,SECONDARY,MARCHING BAND,VISUAL AND PERFORMING ARTS,MARCHING BAND,219
744,SECONDARY,MODERN DANCE,VISUAL AND PERFORMING ARTS,DANCE SOCIETY,219
745,SECONDARY,CHOIR,VISUAL AND PERFORMING ARTS,na,222
746,SECONDARY,CONCERT BAND,VISUAL AND PERFORMING ARTS,SYMPHONIC BAND,222
747,SECONDARY,AUDIO VISUAL AID,CLUBS AND SOCIETIES,AUDIO ENGINEERING,222
748,SECONDARY,INFOCOMM TECHNOLOGY (MEDIA PRODUCTION),CLUBS AND SOCIETIES,PHMEDIA,222
749,SECONDARY,MODERN DANCE,VISUAL AND PERFORMING ARTS,DANCE,222
750,SECONDARY,ENGLISH DRAMA,VISUAL AND PERFORMING ARTS,DRAMA (ENGLISH),222
751,SECONDARY,GUZHENG ENSEMBLE,VISUAL AND PERFORMING ARTS,na,222
752,SECONDARY,BADMINTON,PHYSICAL SPORTS,na,222
753,SECONDARY,BASKETBALL,PHYSICAL SPORTS,na,222
754,SECONDARY,FOOTBALL,PHYSICAL SPORTS,na,222
755,SECONDARY,TABLE TENNIS,PHYSICAL SPORTS,na,222
756,SECONDARY,VOLLEYBALL,PHYSICAL SPORTS,na,222
757,SECONDARY,BOYS' BRIGADE,UNIFORMED GROUPS,na,222
758,SECONDARY,GIRLS' BRIGADE,UNIFORMED GROUPS,na,222
759,SECONDARY,NATIONAL POLICE CADET CORPS,UNIFORMED GROUPS,na,222
760,SECONDARY,NATIONAL CADET CORPS (SEA),UNIFORMED GROUPS,na,222
761,SECONDARY,NATIONAL CIVIL DEFENCE CADET CORPS,UNIFORMED GROUPS,na,222
762,SECONDARY,CHINESE ORCHESTRA,VISUAL AND PERFORMING ARTS,na,222
763,SECONDARY,SHOOTING,PHYSICAL SPORTS,SHOOTING,227
764,SECONDARY,BASKETBALL,PHYSICAL SPORTS,BASKETBALL,227
765,SECONDARY,NETBALL,PHYSICAL SPORTS,NETBALL,227
766,SECONDARY,FOOTBALL,PHYSICAL SPORTS,FOOTBALL,227
767,SECONDARY,TABLE TENNIS,PHYSICAL SPORTS,TABLE TENNIS,227
768,SECONDARY,VOLLEYBALL,PHYSICAL SPORTS,VOLLEYBALL,227
769,SECONDARY,NATIONAL POLICE CADET CORPS,UNIFORMED GROUPS,NATIONAL POLICE CADET CORPS,227
770,SECONDARY,RED CROSS YOUTH,UNIFORMED GROUPS,RED CROSS YOUTH,227
771,SECONDARY,SCOUTS,UNIFORMED GROUPS,SCOUTS,227
772,SECONDARY,NATIONAL CADET CORPS (LAND),UNIFORMED GROUPS,NATIONAL CADET CORPS (LAND),227
773,SECONDARY,CHOIR,VISUAL AND PERFORMING ARTS,CHOIR,227
774,SECONDARY,GUZHENG ENSEMBLE,VISUAL AND PERFORMING ARTS,GUZHENG ENSEMBLE,227
775,SECONDARY,MODERN DANCE,VISUAL AND PERFORMING ARTS,MODERN DANCE,227
776,SECONDARY,ART AND CRAFTS,VISUAL AND PERFORMING ARTS,ART AND CRAFTS,227
777,SECONDARY,AUDIO VISUAL AID,CLUBS AND SOCIETIES,AUDIO VISUAL AID,227
778,SECONDARY,"ENGLISH LANGUAGE, DRAMA AND DEBATING",CLUBS AND SOCIETIES,"ENGLISH LANGUAGE, DRAMA AND DEBATING",227
779,SECONDARY,COMMUNITY SERVICE (ROTARY-SPONSORED),CLUBS AND SOCIETIES,INTERACT CLUB,227
780,SECONDARY,"INDIAN LANGUAGE, DRAMA AND DEBATING",CLUBS AND SOCIETIES,"INDIAN LANGUAGE, DRAMA AND DEBATING",227
781,SECONDARY,ENVIRONMENTAL SCIENCE,CLUBS AND SOCIETIES,ENVIRONMENTAL CLUB,227
782,SECONDARY,MODERN DANCE,VISUAL AND PERFORMING ARTS,na,233
783,SECONDARY,MEDIA RESOURCE LIBRARY,CLUBS AND SOCIETIES,SCHOOL LIBRARY,233
784,SECONDARY,ENVIRONMENTAL SCIENCE,CLUBS AND SOCIETIES,na,233
785,SECONDARY,INFOCOMM TECHNOLOGY (MEDIA PRODUCTION),CLUBS AND SOCIETIES,na,233
786,SECONDARY,COMMUNITY SERVICE,CLUBS AND SOCIETIES,na,233
787,SECONDARY,CONCERT BAND,VISUAL AND PERFORMING ARTS,na,233
788,SECONDARY,BADMINTON,PHYSICAL SPORTS,na,233
789,SECONDARY,BASKETBALL,PHYSICAL SPORTS,na,233
790,SECONDARY,HOCKEY,PHYSICAL SPORTS,na,233
791,SECONDARY,FOOTBALL,PHYSICAL SPORTS,na,233
792,SECONDARY,VOLLEYBALL,PHYSICAL SPORTS,na,233
793,SECONDARY,BOYS' BRIGADE,UNIFORMED GROUPS,na,233
794,SECONDARY,GIRL GUIDES,UNIFORMED GROUPS,na,233
795,SECONDARY,NATIONAL POLICE CADET CORPS,UNIFORMED GROUPS,na,233
796,SECONDARY,NATIONAL CADET CORPS (LAND),UNIFORMED GROUPS,na,233
797,SECONDARY,NATIONAL CIVIL DEFENCE CADET CORPS,UNIFORMED GROUPS,na,233
798,SECONDARY,CHOIR,VISUAL AND PERFORMING ARTS,na,233
799,SECONDARY,CHINESE DANCE,VISUAL AND PERFORMING ARTS,na,233
800,SECONDARY,"ENGLISH LANGUAGE, DRAMA AND DEBATING",CLUBS AND SOCIETIES,ENLGISH SPEECH AND DRAMA,233
801,SECONDARY,ART AND CRAFTS,VISUAL AND PERFORMING ARTS,na,233
802,SECONDARY,DESIGN AND INNOVATION,CLUBS AND SOCIETIES,na,239
803,SECONDARY,ENVIRONMENTAL SCIENCE,CLUBS AND SOCIETIES,na,239
804,SECONDARY,INFOCOMM TECHNOLOGY (MEDIA PRODUCTION),CLUBS AND SOCIETIES,na,239
805,SECONDARY,BADMINTON,PHYSICAL SPORTS,na,239
806,SECONDARY,BASKETBALL,PHYSICAL SPORTS,na,239
807,SECONDARY,NETBALL,PHYSICAL SPORTS,na,239
808,SECONDARY,FOOTBALL,PHYSICAL SPORTS,na,239
809,SECONDARY,TAEKWONDO,PHYSICAL SPORTS,na,239
810,SECONDARY,BOYS' BRIGADE,UNIFORMED GROUPS,na,239
811,SECONDARY,GIRLS' BRIGADE,UNIFORMED GROUPS,na,239
812,SECONDARY,NATIONAL POLICE CADET CORPS,UNIFORMED GROUPS,na,239
813,SECONDARY,RED CROSS YOUTH,UNIFORMED GROUPS,na,239
814,SECONDARY,CHOIR,VISUAL AND PERFORMING ARTS,SHOW CHOIR,239
815,SECONDARY,MODERN DANCE,VISUAL AND PERFORMING ARTS,MODERN DANCE,239
816,SECONDARY,ENGLISH DRAMA,VISUAL AND PERFORMING ARTS,na,239
817,SECONDARY,CONCERT BAND,VISUAL AND PERFORMING ARTS,na,239
818,SECONDARY,ROBOTICS,CLUBS AND SOCIETIES,na,239
819,SECONDARY,CONCERT BAND,VISUAL AND PERFORMING ARTS,na,252
820,SECONDARY,AUDIO VISUAL AID,CLUBS AND SOCIETIES,MEDIA SERVICES CLUB,252
821,SECONDARY,GUZHENG ENSEMBLE,VISUAL AND PERFORMING ARTS,na,252
822,SECONDARY,MODERN DANCE,VISUAL AND PERFORMING ARTS,na,252
823,SECONDARY,ENGLISH DRAMA,VISUAL AND PERFORMING ARTS,na,252
824,SECONDARY,ART AND CRAFTS,VISUAL AND PERFORMING ARTS,ART CLUB,252
825,SECONDARY,CHOIR,VISUAL AND PERFORMING ARTS,na,252
826,SECONDARY,BADMINTON,PHYSICAL SPORTS,na,252
827,SECONDARY,BASKETBALL,PHYSICAL SPORTS,na,252
828,SECONDARY,HOCKEY,PHYSICAL SPORTS,na,252
829,SECONDARY,NETBALL,PHYSICAL SPORTS,na,252
830,SECONDARY,FOOTBALL,PHYSICAL SPORTS,na,252
831,SECONDARY,GIRL GUIDES,UNIFORMED GROUPS,na,252
832,SECONDARY,NATIONAL POLICE CADET CORPS,UNIFORMED GROUPS,na,252
833,SECONDARY,RED CROSS YOUTH,UNIFORMED GROUPS,na,252
834,SECONDARY,NATIONAL CADET CORPS (LAND),UNIFORMED GROUPS,na,252
835,SECONDARY,CHINESE INSTRUMENTAL ENSEMBLE,VISUAL AND PERFORMING ARTS,CHINESE ENSEMBLE,255
836,SECONDARY,INFOCOMM TECHNOLOGY (COMPUTING),CLUBS AND SOCIETIES,na,255
837,SECONDARY,MODERN DANCE,VISUAL AND PERFORMING ARTS,CONTEMPORARY DANCE,255
838,SECONDARY,MALAY DANCE,VISUAL AND PERFORMING ARTS,na,255
839,SECONDARY,ENGLISH DRAMA,VISUAL AND PERFORMING ARTS,na,255
840,SECONDARY,CONCERT BAND,VISUAL AND PERFORMING ARTS,SYMPHONIC BAND,255
841,SECONDARY,AUDIO VISUAL AID,CLUBS AND SOCIETIES,AVAP,255
842,SECONDARY,BASKETBALL,PHYSICAL SPORTS,na,255
843,SECONDARY,NETBALL,PHYSICAL SPORTS,na,255
844,SECONDARY,FOOTBALL,PHYSICAL SPORTS,na,255
845,SECONDARY,FLOORBALL,PHYSICAL SPORTS,na,255
846,SECONDARY,GIRL GUIDES,UNIFORMED GROUPS,na,255
847,SECONDARY,NATIONAL POLICE CADET CORPS,UNIFORMED GROUPS,na,255
848,SECONDARY,RED CROSS YOUTH,UNIFORMED GROUPS,na,255
849,SECONDARY,SCOUTS,UNIFORMED GROUPS,na,255
850,SECONDARY,NATIONAL CADET CORPS (LAND),UNIFORMED GROUPS,na,255
851,SECONDARY,CHOIR,VISUAL AND PERFORMING ARTS,na,255
852,SECONDARY,NETBALL,PHYSICAL SPORTS,na,264
853,SECONDARY,FOOTBALL,PHYSICAL SPORTS,SOCCER,264
854,SECONDARY,TAEKWONDO,PHYSICAL SPORTS,na,264
855,SECONDARY,FLOORBALL,PHYSICAL SPORTS,FLOORBALL,264
856,SECONDARY,BOYS' BRIGADE,UNIFORMED GROUPS,na,264
857,SECONDARY,GIRLS' BRIGADE,UNIFORMED GROUPS,na,264
858,SECONDARY,NATIONAL CADET CORPS (LAND),UNIFORMED GROUPS,na,264
859,SECONDARY,NATIONAL POLICE CADET CORPS (SEA),UNIFORMED GROUPS,na,264
860,SECONDARY,GUZHENG ENSEMBLE,VISUAL AND PERFORMING ARTS,na,264
861,SECONDARY,STUDENT LEADERSHIP (COUNCIL),OTHERS,STUDENT EXECUTIVE COMMITTEE,264
862,SECONDARY,OUTDOOR ADVENTURE,PHYSICAL SPORTS,OUTDOOR PURSUITS,264
863,SECONDARY,MODERN DANCE,VISUAL AND PERFORMING ARTS,na,264
864,SECONDARY,ENGLISH DRAMA,VISUAL AND PERFORMING ARTS,na,264
865,SECONDARY,CONCERT BAND,VISUAL AND PERFORMING ARTS,na,264
866,SECONDARY,BASKETBALL,PHYSICAL SPORTS,SPORTS - BASKETBALL,267
867,SECONDARY,CRICKET,PHYSICAL SPORTS,SPORTS - CRICKET,267
868,SECONDARY,HOCKEY,PHYSICAL SPORTS,SPORTS - HOCKEY,267
869,SECONDARY,RUGBY,PHYSICAL SPORTS,SAINTS RUGBY,267
870,SECONDARY,FOOTBALL,PHYSICAL SPORTS,SPORTS - FOOTBALL,267
871,SECONDARY,SQUASH,PHYSICAL SPORTS,SPORTS - SQUASH,267
872,SECONDARY,SWIMMING,PHYSICAL SPORTS,SPORTS - SWIMMING,267
873,SECONDARY,TRACK AND FIELD,PHYSICAL SPORTS,SPORTS - ATHLETICS,267
874,SECONDARY,TENNIS,PHYSICAL SPORTS,SPORTS - TENNIS,267
875,SECONDARY,WATER POLO,PHYSICAL SPORTS,SPORTS - WATERPOLO,267
876,SECONDARY,BOYS' BRIGADE,UNIFORMED GROUPS,UG - BOYS' BRIGADE,267
877,SECONDARY,NATIONAL POLICE CADET CORPS,UNIFORMED GROUPS,UG - NPCC,267
878,SECONDARY,SCOUTS,UNIFORMED GROUPS,UG - SCOUTS,267
879,SECONDARY,NATIONAL CADET CORPS (LAND),UNIFORMED GROUPS,UG - NCC (LAND),267
880,SECONDARY,CHOIR,VISUAL AND PERFORMING ARTS,PA - SAINTS CHOIR,267
881,SECONDARY,ENGLISH DRAMA,VISUAL AND PERFORMING ARTS,PA - SAINTS DRAMA - ENGLISH,267
882,SECONDARY,SINGAPORE YOUTH FLYING CLUB,CLUBS AND SOCIETIES,CLUBS - SYFC,267
883,SECONDARY,ROBOTICS,CLUBS AND SOCIETIES,CLUBS - ROBOTICS,267
884,PRIMARY,BADMINTON,PHYSICAL SPORTS,na,270
885,PRIMARY,TAEKWONDO,PHYSICAL SPORTS,na,270
886,PRIMARY,TCHOUKBALL,PHYSICAL SPORTS,na,270
887,PRIMARY,SCOUTS,UNIFORMED GROUPS,na,270
888,PRIMARY,GIRL GUIDES (BROWNIES),UNIFORMED GROUPS,na,270
889,PRIMARY,CHOIR,VISUAL AND PERFORMING ARTS,na,270
890,PRIMARY,MODERN DANCE,VISUAL AND PERFORMING ARTS,CONTEMPORARY DANCE,270
891,PRIMARY,CHINESE DANCE,VISUAL AND PERFORMING ARTS,CHINESE DANCE,270
892,PRIMARY,ART AND CRAFTS,VISUAL AND PERFORMING ARTS,VISUAL ARTS,270
893,PRIMARY,ROBOTICS,CLUBS AND SOCIETIES,na,270
894,PRIMARY,FOOTBALL,PHYSICAL SPORTS,na,270
895,PRIMARY,FLOORBALL,PHYSICAL SPORTS,na,270
896,PRIMARY,MODULAR CCA (SPORTS),PHYSICAL SPORTS,na,270
897,PRIMARY,BRASS BAND,VISUAL AND PERFORMING ARTS,na,270
898,PRIMARY,"ENGLISH LANGUAGE, DRAMA AND DEBATING",CLUBS AND SOCIETIES,na,270
899,PRIMARY,INFOCOMM TECHNOLOGY (COMPUTING),CLUBS AND SOCIETIES,na,270
900,PRIMARY,ENVIRONMENTAL SCIENCE,CLUBS AND SOCIETIES,na,270
901,SECONDARY,SPEECH AND DRAMA,VISUAL AND PERFORMING ARTS,na,272
902,SECONDARY,BADMINTON,PHYSICAL SPORTS,na,272
903,SECONDARY,JUDO,PHYSICAL SPORTS,na,272
904,SECONDARY,KARATE,PHYSICAL SPORTS,na,272
905,SECONDARY,FOOTBALL,PHYSICAL SPORTS,na,272
906,SECONDARY,SOFTBALL,PHYSICAL SPORTS,na,272
907,SECONDARY,FLOORBALL,PHYSICAL SPORTS,na,272
908,SECONDARY,GOLF,PHYSICAL SPORTS,na,272
909,SECONDARY,NATIONAL POLICE CADET CORPS,UNIFORMED GROUPS,NPCC,272
910,SECONDARY,RED CROSS YOUTH,UNIFORMED GROUPS,RED CROSS YOUTH,272
911,SECONDARY,SCOUTS,UNIFORMED GROUPS,SCOUTS,272
912,SECONDARY,NATIONAL CADET CORPS (AIR),UNIFORMED GROUPS,NCC (AIR),272
913,SECONDARY,NATIONAL CADET CORPS (LAND),UNIFORMED GROUPS,NCC (LAND),272
914,SECONDARY,CHOIR,VISUAL AND PERFORMING ARTS,VOCAL ENSEMBLE,272
915,SECONDARY,GUITAR ENSEMBLE,VISUAL AND PERFORMING ARTS,GUITAR ENSEMBLE,272
916,SECONDARY,CONCERT BAND,VISUAL AND PERFORMING ARTS,CONCERT BAND,272
917,SECONDARY,AUDIO VISUAL AID,CLUBS AND SOCIETIES,INFOCOMM CLUB,272
918,SECONDARY,FOOTBALL,PHYSICAL SPORTS,na,279
919,SECONDARY,SCOUTS,UNIFORMED GROUPS,na,279
920,SECONDARY,CONCERT BAND,VISUAL AND PERFORMING ARTS,SPS Military Band,279
921,SECONDARY,MEDIA RESOURCE CLUB,CLUBS AND SOCIETIES,MEDIA CLUB,279
922,SECONDARY,CHOIR,VISUAL AND PERFORMING ARTS,SWISS SHOW CHOIR,282
923,SECONDARY,CHINESE DANCE,VISUAL AND PERFORMING ARTS,CHINESE DANCE,282
924,SECONDARY,MALAY DANCE,VISUAL AND PERFORMING ARTS,MALAY DANCE,282
925,SECONDARY,ENGLISH DRAMA,VISUAL AND PERFORMING ARTS,DRAMA,282
926,SECONDARY,STUDENTS' COUNCIL,CLUBS AND SOCIETIES,STUDENT COUNCIL,282
927,SECONDARY,INFOCOMM TECHNOLOGY (MEDIA PRODUCTION),CLUBS AND SOCIETIES,PUBLICATIONS & MEDIA CLUB,282
928,SECONDARY,BADMINTON,PHYSICAL SPORTS,BADMINTON (GIRLS),282
929,SECONDARY,BASKETBALL,PHYSICAL SPORTS,BASKETBALL,282
930,SECONDARY,FOOTBALL,PHYSICAL SPORTS,FOOTBALL,282
931,SECONDARY,FLOORBALL,PHYSICAL SPORTS,FLOORBALL,282
932,SECONDARY,BOWLING,PHYSICAL SPORTS,BOWLING (BOYS),282
933,SECONDARY,BOYS' BRIGADE,UNIFORMED GROUPS,BOYS' BRIGADE,282
934,SECONDARY,GIRL GUIDES,UNIFORMED GROUPS,GIRL GUIDES,282
935,SECONDARY,NATIONAL POLICE CADET CORPS,UNIFORMED GROUPS,NATIONAL POLICE CADET CORPS (BOYS),282
936,SECONDARY,SCOUTS,UNIFORMED GROUPS,SCOUTS,282
937,SECONDARY,NATIONAL CADET CORPS (AIR),UNIFORMED GROUPS,NATIONAL CADET CORPS (AIR),282
938,SECONDARY,NATIONAL CIVIL DEFENCE CADET CORPS,UNIFORMED GROUPS,NATIONAL CIVIL DEFENCE CADET CORPS,282
939,SECONDARY,CHINESE ORCHESTRA,VISUAL AND PERFORMING ARTS,CHINESE ORCHESTRA,282
940,SECONDARY,MARCHING BAND,VISUAL AND PERFORMING ARTS,THE SINGAPORE NATIONAL CADET CORPS COMMAND BAND,282
941,SECONDARY,BADMINTON,PHYSICAL SPORTS,na,286
942,SECONDARY,BASKETBALL,PHYSICAL SPORTS,na,286
943,SECONDARY,NETBALL,PHYSICAL SPORTS,NETBALL,286
944,SECONDARY,FOOTBALL,PHYSICAL SPORTS,FOOTBALL,286
945,SECONDARY,WUSHU,PHYSICAL SPORTS,na,286
946,SECONDARY,GIRL GUIDES,UNIFORMED GROUPS,na,286
947,SECONDARY,NATIONAL POLICE CADET CORPS,UNIFORMED GROUPS,NATIONAL POLICE CADET CORPS,286
948,SECONDARY,ST JOHN BRIGADE,UNIFORMED GROUPS,ST JOHN BRIGADE,286
949,SECONDARY,NATIONAL CADET CORPS (LAND),UNIFORMED GROUPS,NATIONAL CADET CORPS (LAND) BOYS,286
950,SECONDARY,CHOIR,VISUAL AND PERFORMING ARTS,SHOW CHOIR,286
951,SECONDARY,MODERN DANCE,VISUAL AND PERFORMING ARTS,DANCE DYNAMICS,286
952,SECONDARY,CHINESE DANCE,VISUAL AND PERFORMING ARTS,MODERN CHINESE DANCE,286
953,SECONDARY,MALAY DANCE,VISUAL AND PERFORMING ARTS,MALAY DANCE,286
954,SECONDARY,ENGLISH DRAMA,VISUAL AND PERFORMING ARTS,ENGLISH DRAMA,286
955,SECONDARY,CONCERT BAND,VISUAL AND PERFORMING ARTS,CONCERT BAND,286
956,SECONDARY,ART AND CRAFTS,VISUAL AND PERFORMING ARTS,ART CLUB,286
957,SECONDARY,AUDIO VISUAL AID,CLUBS AND SOCIETIES,MEDIATECH CLUB,286
958,SECONDARY,INFOCOMM TECHNOLOGY (MEDIA PRODUCTION),CLUBS AND SOCIETIES,INFOCOMM CLUB,286
959,SECONDARY,BADMINTON,PHYSICAL SPORTS,na,294
960,SECONDARY,BASKETBALL,PHYSICAL SPORTS,BASKETBALL (BOYS),294
961,SECONDARY,HOCKEY,PHYSICAL SPORTS,na,294
962,SECONDARY,FOOTBALL,PHYSICAL SPORTS,na,294
963,SECONDARY,TAEKWONDO,PHYSICAL SPORTS,na,294
964,SECONDARY,FLOORBALL,PHYSICAL SPORTS,FLOORBALL (GIRLS),294
965,SECONDARY,BOYS' BRIGADE,UNIFORMED GROUPS,na,294
966,SECONDARY,GIRL GUIDES,UNIFORMED GROUPS,na,294
967,SECONDARY,NATIONAL POLICE CADET CORPS,UNIFORMED GROUPS,na,294
968,SECONDARY,NATIONAL CADET CORPS (LAND),UNIFORMED GROUPS,na,294
969,SECONDARY,GUITAR ENSEMBLE,VISUAL AND PERFORMING ARTS,na,294
970,SECONDARY,MODERN DANCE,VISUAL AND PERFORMING ARTS,DANCE,294
971,SECONDARY,CONCERT BAND,VISUAL AND PERFORMING ARTS,na,294
972,SECONDARY,ROBOTICS,CLUBS AND SOCIETIES,na,294
973,SECONDARY,INFOCOMM TECHNOLOGY (MEDIA PRODUCTION),CLUBS AND SOCIETIES,na,294
974,SECONDARY,BASKETBALL,PHYSICAL SPORTS,na,301
975,SECONDARY,FOOTBALL,PHYSICAL SPORTS,na,301
976,SECONDARY,TRACK AND FIELD,PHYSICAL SPORTS,TRACK & FIELD,301
977,SECONDARY,TABLE TENNIS,PHYSICAL SPORTS,na,301
978,SECONDARY,VOLLEYBALL,PHYSICAL SPORTS,na,301
979,SECONDARY,BOYS' BRIGADE,UNIFORMED GROUPS,na,301
980,SECONDARY,GIRLS' BRIGADE,UNIFORMED GROUPS,na,301
981,SECONDARY,NATIONAL POLICE CADET CORPS,UNIFORMED GROUPS,na,301
982,SECONDARY,SCOUTS,UNIFORMED GROUPS,na,301
983,SECONDARY,NATIONAL CADET CORPS (AIR),UNIFORMED GROUPS,na,301
984,SECONDARY,CHOIR,VISUAL AND PERFORMING ARTS,na,301
985,SECONDARY,INDIAN ORCHESTRA,VISUAL AND PERFORMING ARTS,na,301
986,SECONDARY,AUDIO VISUAL AID,CLUBS AND SOCIETIES,na,301
987,SECONDARY,SPEECH AND DRAMA,VISUAL AND PERFORMING ARTS,na,301
988,SECONDARY,MEDIA RESOURCE LIBRARY,CLUBS AND SOCIETIES,na,301
989,SECONDARY,ENVIRONMENTAL SCIENCE,CLUBS AND SOCIETIES,na,301
990,SECONDARY,BADMINTON,PHYSICAL SPORTS,BADMINTON (BOYS),316
991,SECONDARY,BASKETBALL,PHYSICAL SPORTS,BASKETBALL,316
992,SECONDARY,NETBALL,PHYSICAL SPORTS,NETBALL,316
993,SECONDARY,FOOTBALL,PHYSICAL SPORTS,FOOTBALL,316
994,SECONDARY,NATIONAL POLICE CADET CORPS,UNIFORMED GROUPS,NPCC,316
995,SECONDARY,RED CROSS YOUTH,UNIFORMED GROUPS,RED CROSS YOUTH,316
996,SECONDARY,NATIONAL CADET CORPS (LAND),UNIFORMED GROUPS,NCC (LAND),316
997,SECONDARY,CHINESE ORCHESTRA,VISUAL AND PERFORMING ARTS,CHINESE ORCHESTRA,316
998,SECONDARY,CHOIR,VISUAL AND PERFORMING ARTS,CHOIR,316
999,SECONDARY,MODERN DANCE,VISUAL AND PERFORMING ARTS,MODERN DANCE,316
1000,SECONDARY,ENGLISH DRAMA,VISUAL AND PERFORMING ARTS,ENGLISH DRAMA,316
1001,SECONDARY,SINGAPORE YOUTH FLYING CLUB,CLUBS AND SOCIETIES,YOUTH FLYING CLUB,316
1002,SECONDARY,ROBOTICS,CLUBS AND SOCIETIES,"INFOCOMM, ROBOTICS & AVA CLUB",316
1003,SECONDARY,CONCERT BAND,VISUAL AND PERFORMING ARTS,na,316
1004,SECONDARY,ENVIRONMENTAL SCIENCE,CLUBS AND SOCIETIES,na,316
1005,SECONDARY,MEDIA RESOURCE LIBRARY,CLUBS AND SOCIETIES,na,316
1006,SECONDARY,BADMINTON,PHYSICAL SPORTS,na,319
1007,SECONDARY,BASKETBALL,PHYSICAL SPORTS,na,319
1008,SECONDARY,HOCKEY,PHYSICAL SPORTS,na,319
1009,SECONDARY,NETBALL,PHYSICAL SPORTS,na,319
1010,SECONDARY,SOFTBALL,PHYSICAL SPORTS,na,319
1011,SECONDARY,VOLLEYBALL,PHYSICAL SPORTS,na,319
1012,SECONDARY,NATIONAL POLICE CADET CORPS,UNIFORMED GROUPS,na,319
1013,SECONDARY,NATIONAL CADET CORPS (LAND),UNIFORMED GROUPS,na,319
1014,SECONDARY,NATIONAL CIVIL DEFENCE CADET CORPS,UNIFORMED GROUPS,na,319
1015,SECONDARY,CHOIR,VISUAL AND PERFORMING ARTS,na,319
1016,SECONDARY,GUZHENG ENSEMBLE,VISUAL AND PERFORMING ARTS,GUZHENG ENSEMBLE,319
1017,SECONDARY,MODERN DANCE,VISUAL AND PERFORMING ARTS,DANCE - CONTEMPORARY,319
1018,SECONDARY,CHINESE DANCE,VISUAL AND PERFORMING ARTS,CHINESE DANCE,319
1019,SECONDARY,MALAY DANCE,VISUAL AND PERFORMING ARTS,MALAY DANCE,319
1020,SECONDARY,ENGLISH DRAMA,VISUAL AND PERFORMING ARTS,ENGLISH DRAMA CLUB,319
1021,SECONDARY,AUDIO VISUAL AID,CLUBS AND SOCIETIES,AVA/PHOTOGRAPHY CLUB,319
1022,SECONDARY,ROBOTICS,CLUBS AND SOCIETIES,na,319
1023,SECONDARY,MEDIA RESOURCE LIBRARY,CLUBS AND SOCIETIES,MEDIA RESOURCE LIBRARY,319
1024,SECONDARY,CONCERT BAND,VISUAL AND PERFORMING ARTS,CONCERT BAND,320
1025,SECONDARY,INFOCOMM TECHNOLOGY (MEDIA PRODUCTION),CLUBS AND SOCIETIES,na,320
1026,SECONDARY,BADMINTON,PHYSICAL SPORTS,BADMINTON,320
1027,SECONDARY,BASKETBALL,PHYSICAL SPORTS,na,320
1028,SECONDARY,NETBALL,PHYSICAL SPORTS,na,320
1029,SECONDARY,SEPAKTAKRAW,PHYSICAL SPORTS,na,320
1030,SECONDARY,FOOTBALL,PHYSICAL SPORTS,na,320
1031,SECONDARY,TRACK AND FIELD,PHYSICAL SPORTS,ATHLETICS,320
1032,SECONDARY,BOYS' BRIGADE,UNIFORMED GROUPS,na,320
1033,SECONDARY,GIRL GUIDES,UNIFORMED GROUPS,na,320
1034,SECONDARY,NATIONAL POLICE CADET CORPS,UNIFORMED GROUPS,na,320
1035,SECONDARY,NATIONAL CADET CORPS (LAND),UNIFORMED GROUPS,na,320
1036,SECONDARY,NATIONAL CIVIL DEFENCE CADET CORPS,UNIFORMED GROUPS,na,320
1037,SECONDARY,CHOIR,VISUAL AND PERFORMING ARTS,na,320
1038,SECONDARY,CHINESE DANCE,VISUAL AND PERFORMING ARTS,na,320
1039,SECONDARY,MALAY DANCE,VISUAL AND PERFORMING ARTS,na,320
1040,SECONDARY,ENGLISH DRAMA,VISUAL AND PERFORMING ARTS,ELDDS,320
1041,SECONDARY,BADMINTON,PHYSICAL SPORTS,BADMINTON,329
1042,SECONDARY,BASKETBALL,PHYSICAL SPORTS,BASKETBALL,329
1043,SECONDARY,NETBALL,PHYSICAL SPORTS,na,329
1044,SECONDARY,FLOORBALL,PHYSICAL SPORTS,FLOORBALL (BOYS),329
1045,SECONDARY,NATIONAL POLICE CADET CORPS,UNIFORMED GROUPS,na,329
1046,SECONDARY,RED CROSS YOUTH,UNIFORMED GROUPS,RED CROSS YOUTH,329
1047,SECONDARY,CHOIR,VISUAL AND PERFORMING ARTS,na,329
1048,SECONDARY,CHINESE DANCE,VISUAL AND PERFORMING ARTS,na,329
1049,SECONDARY,INDIAN DANCE,VISUAL AND PERFORMING ARTS,na,329
1050,SECONDARY,ENGLISH DRAMA,VISUAL AND PERFORMING ARTS,na,329
1051,SECONDARY,INFOCOMM TECHNOLOGY (COMPUTING),CLUBS AND SOCIETIES,DIGITAL ANIMATION,329
1052,SECONDARY,ROBOTICS,CLUBS AND SOCIETIES,"MECHATRONICS, AERONAUTICS & ROBOTICS",329
1053,SECONDARY,INFOCOMM TECHNOLOGY (MEDIA PRODUCTION),CLUBS AND SOCIETIES,MEDIA CLUB,329
1054,SECONDARY,MALAY DANCE,VISUAL AND PERFORMING ARTS,na,329
1055,SECONDARY,LION AND DRAGON DANCE,VISUAL AND PERFORMING ARTS,DRAGON AND LION DANCE,335
1056,SECONDARY,ART AND CRAFTS,VISUAL AND PERFORMING ARTS,na,335
1057,SECONDARY,MEDIA RESOURCE LIBRARY,CLUBS AND SOCIETIES,na,335
1058,SECONDARY,ENVIRONMENTAL SCIENCE,CLUBS AND SOCIETIES,na,335
1059,SECONDARY,INFOCOMM TECHNOLOGY (MEDIA PRODUCTION),CLUBS AND SOCIETIES,INFOCOMM TECHNOLOGY,335
1060,SECONDARY,BASKETBALL,PHYSICAL SPORTS,na,335
1061,SECONDARY,CROSS COUNTRY,PHYSICAL SPORTS,na,335
1062,SECONDARY,NETBALL,PHYSICAL SPORTS,na,335
1063,SECONDARY,FOOTBALL,PHYSICAL SPORTS,na,335
1064,SECONDARY,DRAGON BOAT,PHYSICAL SPORTS,na,335
1065,SECONDARY,NATIONAL POLICE CADET CORPS,UNIFORMED GROUPS,na,335
1066,SECONDARY,SCOUTS,UNIFORMED GROUPS,na,335
1067,SECONDARY,NATIONAL CIVIL DEFENCE CADET CORPS,UNIFORMED GROUPS,NCDCC,335
1068,SECONDARY,GUZHENG ENSEMBLE,VISUAL AND PERFORMING ARTS,na,335
1069,SECONDARY,CHINESE DANCE,VISUAL AND PERFORMING ARTS,na,335
1070,SECONDARY,INDIAN DANCE,VISUAL AND PERFORMING ARTS,na,335
1071,SECONDARY,MALAY DANCE,VISUAL AND PERFORMING ARTS,na,335
1072,SECONDARY,ENGLISH DRAMA,VISUAL AND PERFORMING ARTS,na,335
1073,SECONDARY,CONCERT BAND,VISUAL AND PERFORMING ARTS,na,335
1074,SECONDARY,ROBOTICS,CLUBS AND SOCIETIES,na,335
1075,SECONDARY,FOOTBALL,PHYSICAL SPORTS,na,337
1076,SECONDARY,WUSHU,PHYSICAL SPORTS,na,337
1077,SECONDARY,VOLLEYBALL,PHYSICAL SPORTS,na,337
1078,SECONDARY,FLOORBALL,PHYSICAL SPORTS,na,337
1079,SECONDARY,TCHOUKBALL,PHYSICAL SPORTS,na,337
1080,SECONDARY,BOYS' BRIGADE,UNIFORMED GROUPS,na,337
1081,SECONDARY,NATIONAL POLICE CADET CORPS,UNIFORMED GROUPS,na,337
1082,SECONDARY,NATIONAL CADET CORPS (LAND),UNIFORMED GROUPS,na,337
1083,SECONDARY,NATIONAL CIVIL DEFENCE CADET CORPS,UNIFORMED GROUPS,na,337
1084,SECONDARY,CHOIR,VISUAL AND PERFORMING ARTS,na,337
1085,SECONDARY,HARMONICA ENSEMBLE,VISUAL AND PERFORMING ARTS,HARMONICA BAND,337
1086,SECONDARY,ENGLISH DRAMA,VISUAL AND PERFORMING ARTS,STAGEWRIGHT,337
1087,SECONDARY,CONCERT BAND,VISUAL AND PERFORMING ARTS,na,337
1088,SECONDARY,"CHINESE LANGUAGE, DRAMA AND DEBATING",CLUBS AND SOCIETIES,CLDDS,337
1089,SECONDARY,ROBOTICS,CLUBS AND SOCIETIES,TINKERING & ROBOTICS CLUB,337
1090,SECONDARY,MODERN DANCE,VISUAL AND PERFORMING ARTS,DANCE,337
1091,SECONDARY,MEDIA RESOURCE LIBRARY,CLUBS AND SOCIETIES,na,337
1092,SECONDARY,INFOCOMM TECHNOLOGY (MEDIA PRODUCTION),CLUBS AND SOCIETIES,INFOCOMM & MEDIA CLUB,337
1093,SECONDARY,BADMINTON,PHYSICAL SPORTS,na,339
1094,SECONDARY,NETBALL,PHYSICAL SPORTS,NETBALL (GIRLS),339
1095,SECONDARY,SEPAKTAKRAW,PHYSICAL SPORTS,SEPAK TAKRAW (BOYS),339
1096,SECONDARY,FLOORBALL,PHYSICAL SPORTS,FLOORBALL (BOYS),339
1097,SECONDARY,NATIONAL POLICE CADET CORPS,UNIFORMED GROUPS,NPCC (BOYS & GIRLS),339
1098,SECONDARY,NATIONAL CADET CORPS (LAND),UNIFORMED GROUPS,NCC LAND (BOYS & GIRLS),339
1099,SECONDARY,CHOIR,VISUAL AND PERFORMING ARTS,na,339
1100,SECONDARY,MALAY DANCE,VISUAL AND PERFORMING ARTS,na,339
1101,SECONDARY,ART AND CRAFTS,VISUAL AND PERFORMING ARTS,Art Club,339
1102,SECONDARY,COMMUNITY SERVICE (ROTARY-SPONSORED),CLUBS AND SOCIETIES,Interact Club,339
1103,SECONDARY,SCOUTS,UNIFORMED GROUPS,na,343
1104,SECONDARY,NATIONAL CADET CORPS (AIR),UNIFORMED GROUPS,na,343
1105,SECONDARY,CHOIR,VISUAL AND PERFORMING ARTS,na,343
1106,SECONDARY,HANDBELL ENSEMBLE,VISUAL AND PERFORMING ARTS,na,343
1107,SECONDARY,PERCUSSION ENSEMBLE,VISUAL AND PERFORMING ARTS,DRUMS ENSEMBLE,343
1108,SECONDARY,MALAY DANCE,VISUAL AND PERFORMING ARTS,na,343
1109,SECONDARY,ENGLISH DRAMA,VISUAL AND PERFORMING ARTS,DRAMA CLUB,343
1110,SECONDARY,CONCERT BAND,VISUAL AND PERFORMING ARTS,na,343
1111,SECONDARY,ART AND CRAFTS,VISUAL AND PERFORMING ARTS,ART CLUB,343
1112,SECONDARY,AUDIO VISUAL AID,CLUBS AND SOCIETIES,na,343
1113,SECONDARY,MEDIA RESOURCE LIBRARY,CLUBS AND SOCIETIES,LIBRARY,343
1114,SECONDARY,INFOCOMM TECHNOLOGY (MEDIA PRODUCTION),CLUBS AND SOCIETIES,na,343
1115,SECONDARY,FOOTBALL,PHYSICAL SPORTS,na,343
1116,SECONDARY,RED CROSS YOUTH,UNIFORMED GROUPS,na,343
1117,SECONDARY,VOLLEYBALL,PHYSICAL SPORTS,na,343
1118,SECONDARY,OUTDOOR ADVENTURE,PHYSICAL SPORTS,na,343
1119,SECONDARY,MODULAR CCA (SPORTS),PHYSICAL SPORTS,na,343
1120,SECONDARY,NATIONAL POLICE CADET CORPS,UNIFORMED GROUPS,na,343
1121,SECONDARY,BASKETBALL,PHYSICAL SPORTS,na,343
1122,SECONDARY,NETBALL,PHYSICAL SPORTS,na,343
1123,PRIMARY,CHOIR,VISUAL AND PERFORMING ARTS,na,344
1124,PRIMARY,CHINESE DANCE,VISUAL AND PERFORMING ARTS,na,344
1125,PRIMARY,INDIAN DANCE,VISUAL AND PERFORMING ARTS,na,344
1126,PRIMARY,MALAY DANCE,VISUAL AND PERFORMING ARTS,na,344
1127,PRIMARY,ART AND CRAFTS,VISUAL AND PERFORMING ARTS,na,344
1128,PRIMARY,SCOUTS,UNIFORMED GROUPS,na,344
1129,PRIMARY,SEPAKTAKRAW,PHYSICAL SPORTS,na,344
1130,PRIMARY,FOOTBALL,PHYSICAL SPORTS,na,344
1131,PRIMARY,VOLLEYBALL,PHYSICAL SPORTS,na,344
